ontologyID	sample_ID_str
endothelial cell	SRhi10003.TGACCA.11207,SRhi10002.AGTCAA.11263,SRhi10003.GTGGCC.11340,SRhi10011.GGTAGC.11412,SRhi10004.TGACCA.11264,SRhi10003.AGTCAA.11341,SRhi10004.GTGGCC.11413,SRhi10005.TGACCA.11236,SRhi10004.AGTCAA.11317,SRhi10005.GTGGCC.11393,SRhi10006.TGACCA.11265,SRhi10006.GTGGCC.11414,SRhi10007.TGACCA.11266,SRhi10006.AGTCAA.11343,SRhi10008.TGACCA.11243,SRhi10007.AGTCAA.11324,SRhi10007.GTGGCC.11400,SRhi10009.TGACCA.11267,SRhi10008.AGTCAA.11344,SRhi10008.GTGGCC.11416,SRhi10014.ACAGTG.11521,SRhi10008.AGTTCC.11601,SRhi10012.CCGTCC.11514,SRhi10004.GATCAG.11594,SRhi10008.GTCCGC.11532,SRhi10005.GGTAGC.11612
endothelial cell of vascular tree	SRhi10003.TGACCA.11207,SRhi10002.AGTCAA.11263,SRhi10003.GTGGCC.11340,SRhi10011.GGTAGC.11412,SRhi10004.TGACCA.11264,SRhi10003.AGTCAA.11341,SRhi10004.GTGGCC.11413,SRhi10005.TGACCA.11236,SRhi10004.AGTCAA.11317,SRhi10005.GTGGCC.11393,SRhi10006.TGACCA.11265,SRhi10006.GTGGCC.11414,SRhi10007.TGACCA.11266,SRhi10006.AGTCAA.11343,SRhi10008.TGACCA.11243,SRhi10007.AGTCAA.11324,SRhi10007.GTGGCC.11400,SRhi10009.TGACCA.11267,SRhi10008.AGTCAA.11344,SRhi10008.GTGGCC.11416
fibroblast of gingiva	SRhi10003.ACAGTG.11237,SRhi10014.AGTCAA.11318,SRhi10013.GTGGCC.11394
ciliated epithelial cell	SRhi10014.TTAGGC.11242,SRhi10013.CTTGTA.11323,SRhi10014.GTGAAA.11399
Sertoli Cells	SRhi10003.GTAGAG.11255,SRhi10010.GATCAG.11333
mesodermal cell	SRhi10011.CGATGT.11376,SRhi10013.GGCTAC.11327,SRhi10012.CGATGT.11473,SRhi10014.GGCTAC.11474,SRhi10002.GTGAAA.11475,SRhi10013.CGATGT.11476,SRhi10014.CGATGT.11259,SRhi10015.GGCTAC.11336,SRhi10003.GTGAAA.11408,SRhi10015.CGATGT.11510,SRhi10002.CTTGTA.11590,SRhi10004.GTGAAA.11671,SRhi10002.TTAGGC.11533,SRhi10003.CTTGTA.11613,SRhi10005.GTGAAA.11694,SRhi10008.TTAGGC.11224,SRhi10008.CTTGTA.11305,SRhi10009.GTGAAA.11381,SRhi10010.TGACCA.11229,SRhi10009.AGTCAA.11310,SRhi10009.GTGGCC.11386,SRhi10064.CAGATC.11857,SRhi10002.TGACCA.11227,SRhi10015.CTTGTA.11308,SRhi10002.GTGGCC.11384,SRhi10003.TGACCA.11207,SRhi10002.AGTCAA.11263,SRhi10003.GTGGCC.11340,SRhi10011.GGTAGC.11412,SRhi10004.TGACCA.11264,SRhi10003.AGTCAA.11341,SRhi10004.GTGGCC.11413,SRhi10006.TGACCA.11265,SRhi10006.GTGGCC.11414,SRhi10007.TGACCA.11266,SRhi10006.AGTCAA.11343,SRhi10008.TGACCA.11243,SRhi10007.AGTCAA.11324,SRhi10007.GTGGCC.11400,SRhi10009.TGACCA.11267,SRhi10008.AGTCAA.11344,SRhi10008.GTGGCC.11416,SRhi10012.TGACCA.11245,SRhi10011.AGTCAA.11326,SRhi10012.GGTAGC.11401,SRhi10013.TGACCA.11268,SRhi10012.AGTCAA.11345,SRhi10011.GTGGCC.11417,SRhi10014.TGACCA.11492,SRhi10015.TGACCA.11531,SRhi10002.ACAGTG.11269,SRhi10013.AGTCAA.11346,SRhi10012.GTGGCC.11418,SRhi10003.ACAGTG.11237,SRhi10014.AGTCAA.11318,SRhi10013.GTGGCC.11394,SRhi10004.ACAGTG.11270,SRhi10015.AGTCAA.11347,SRhi10014.GTGGCC.11419,SRhi10005.ACAGTG.11506,SRhi10002.AGTTCC.11586,SRhi10015.GTGGCC.11667,SRhi10006.ACAGTG.11540,SRhi10003.AGTTCC.11620,SRhi10002.GTTTCG.11701,SRhi10007.ACAGTG.11238,SRhi10004.AGTTCC.11319,SRhi10003.GTTTCG.11395,SRhi10008.ACAGTG.11250,SRhi10010.ACAGTG.11535,SRhi10013.ACAGTG.11271,SRhi10007.AGTTCC.11348,SRhi10004.GTTTCG.11420,SRhi10014.ACAGTG.11521,SRhi10008.AGTTCC.11601,SRhi10006.GCCAAT.11232,SRhi10012.AGTTCC.11313,SRhi10006.GTTTCG.11389,SRhi10008.GCCAAT.11487,SRhi10009.GCCAAT.11565,SRhi10014.AGTTCC.11566,SRhi10008.GTTTCG.11567,SRhi10006.CAGATC.11219,SRhi10007.CAGATC.11548,SRhi10012.GCCAAT.11217,SRhi10015.GCCAAT.11537,SRhi10003.ATGTCA.11617,SRhi10002.CAGATC.11547,SRhi10004.ATGTCA.11627,SRhi10003.CAGATC.11536,SRhi10010.GTTTCG.11697,SRhi10013.GGTAGC.11464,SRhi10013.GCCAAT.11218,SRhi10004.CAGATC.11538,SRhi10014.GCCAAT.11214,SRhi10005.CAGATC.11539,SRhi10006.ATGTCA.11619,SRhi10011.GTTTCG.11700,SRhi10008.ATGTCA.11549,SRhi10009.CAGATC.11629,SRhi10009.ATGTCA.11241,SRhi10012.GTTTCG.11322,SRhi10010.CAGATC.11398,SRhi10013.ATGTCA.11252,SRhi10014.CAGATC.11462,SRhi10003.CCGTCC.11231,SRhi10005.CGTACG.11312,SRhi10005.ACTTGA.11388,SRhi10004.CCGTCC.11278,SRhi10006.CGTACG.11355,SRhi10008.ACTTGA.11427,SRhi10007.CGTACG.11328,SRhi10006.CCGTCC.11468,SRhi10008.CGTACG.11329,SRhi10010.ACTTGA.11403,SRhi10011.ACTTGA.11469,SRhi10007.CCGTCC.11279,SRhi10009.CGTACG.11356,SRhi10012.ACTTGA.11428,SRhi10008.CCGTCC.11280,SRhi10010.CGTACG.11357,SRhi10013.ACTTGA.11429,SRhi10009.CCGTCC.11253,SRhi10011.CGTACG.11331,SRhi10014.ACTTGA.11404,SRhi10010.CCGTCC.11254,SRhi10012.CGTACG.11332,SRhi10003.CGATGT.11405,SRhi10012.CCGTCC.11514,SRhi10004.GATCAG.11594,SRhi10013.CCGTCC.11518,SRhi10013.CGTACG.11598,SRhi10003.GTAGAG.11255,SRhi10010.GATCAG.11333,SRhi10005.GTAGAG.11281,SRhi10004.GAGTGG.11358,SRhi10012.GATCAG.11430,SRhi10006.GTAGAG.11240,SRhi10005.GAGTGG.11321,SRhi10013.GATCAG.11397,SRhi10004.GTAGAG.11282,SRhi10003.GAGTGG.11359,SRhi10009.GTAGAG.11210,SRhi10008.GTAGAG.11283,SRhi10007.GAGTGG.11360,SRhi10010.GTAGAG.11284,SRhi10008.GAGTGG.11361,SRhi10002.TAGCTT.11433,SRhi10011.GTAGAG.11234,SRhi10009.GAGTGG.11315,SRhi10003.TAGCTT.11391,SRhi10004.TAGCTT.11512,SRhi10012.GTAGAG.11285,SRhi10010.GAGTGG.11362,SRhi10013.GTAGAG.11239,SRhi10011.GAGTGG.11320,SRhi10006.TAGCTT.11396,SRhi10014.GTAGAG.11286,SRhi10012.GAGTGG.11363,SRhi10007.TAGCTT.11435,SRhi10008.TAGCTT.11508,SRhi10015.GTAGAG.11287,SRhi10013.GAGTGG.11364,SRhi10009.TAGCTT.11436,SRhi10002.GTCCGC.11257,SRhi10014.GAGTGG.11335,SRhi10010.TAGCTT.11465,SRhi10003.GTCCGC.11288,SRhi10015.GAGTGG.11365,SRhi10011.TAGCTT.11437,SRhi10004.GTCCGC.11289,SRhi10002.GGTAGC.11366,SRhi10012.TAGCTT.11438,SRhi10013.TAGCTT.11513,SRhi10015.TAGCTT.11212,SRhi10005.GTCCGC.11290,SRhi10003.GGTAGC.11367,SRhi10014.TAGCTT.11439,SRhi10006.GTCCGC.11258,SRhi10002.GGCTAC.11466,SRhi10007.GTCCGC.11291,SRhi10004.GGTAGC.11368,SRhi10004.GGCTAC.11440,SRhi10008.GTCCGC.11532,SRhi10005.GGTAGC.11612,SRhi10003.TTAGGC.12237,SRhi10042.GAGTGG.3952+3953
mesenchymal stem cell of umbilical cord	SRhi10007.CAGATC.11548,SRhi10014.GCCAAT.11214,SRhi10005.CAGATC.11539,SRhi10006.ATGTCA.11619,SRhi10011.GTTTCG.11700,SRhi10008.ATGTCA.11549,SRhi10009.CAGATC.11629
hair follicle dermal papilla cell	SRhi10013.ACAGTG.11271,SRhi10007.AGTTCC.11348,SRhi10004.GTTTCG.11420
tracheal epithelial cell	SRhi10006.GGTAGC.11369,SRhi10005.CGATGT.11441
neurectodermal cell	SRhi10005.TTAGGC.11500,SRhi10006.GTGAAA.11661,SRhi10006.TTAGGC.11235,SRhi10006.CTTGTA.11316,SRhi10007.GTGAAA.11392,SRhi10014.TTAGGC.11242,SRhi10013.CTTGTA.11323,SRhi10014.GTGAAA.11399,SRhi10013.ACAGTG.11271,SRhi10007.AGTTCC.11348,SRhi10004.GTTTCG.11420,SRhi10005.GCCAAT.11527,SRhi10011.AGTTCC.11607,SRhi10010.GCCAAT.11274,SRhi10015.AGTTCC.11351,SRhi10009.GTTTCG.11423,SRhi10014.GTTTCG.11352,SRhi10012.CAGATC.11424
neurecto-epithelial cell	SRhi10014.TTAGGC.11242,SRhi10013.CTTGTA.11323,SRhi10014.GTGAAA.11399,SRhi10010.GCCAAT.11274,SRhi10015.AGTTCC.11351,SRhi10009.GTTTCG.11423
retinal pigment epithelial cell	SRhi10015.CCGTCC.11215,SRhi10015.CGTACG.11528,SRhi10007.GATCAG.11608
pigment cell	SRhi10010.GCCAAT.11274,SRhi10015.AGTTCC.11351,SRhi10009.GTTTCG.11423,SRhi10015.CCGTCC.11215,SRhi10015.CGTACG.11528,SRhi10007.GATCAG.11608
astrocyte of the cerebellum	SRhi10005.TTAGGC.11500,SRhi10006.GTGAAA.11661
placental epithelial cell	SRhi10004.CCGTCC.11278,SRhi10006.CGTACG.11355,SRhi10008.ACTTGA.11427
trabecular meshwork cell	SRhi10008.GTCCGC.11532,SRhi10005.GGTAGC.11612
CD8-positive, alpha-beta T cell	SRhi10010.TTAGGC.11226,SRhi10010.CTTGTA.11307,SRhi10011.GTGAAA.11383
osteoblast	SRhi10014.ATGTCA.11276,SRhi10003.CGTACG.11353,SRhi10015.CAGATC.11425,SRhi10015.ATGTCA.11277,SRhi10004.CGTACG.11354,SRhi10002.ACTTGA.11426
smooth muscle cell	SRhi10009.GTAGAG.11210,SRhi10008.GTAGAG.11283,SRhi10007.GAGTGG.11360,SRhi10010.GTAGAG.11284,SRhi10008.GAGTGG.11361,SRhi10002.TAGCTT.11433,SRhi10011.GTAGAG.11234,SRhi10009.GAGTGG.11315,SRhi10003.TAGCTT.11391,SRhi10004.TAGCTT.11512,SRhi10012.GTAGAG.11285,SRhi10010.GAGTGG.11362,SRhi10013.GTAGAG.11239,SRhi10011.GAGTGG.11320,SRhi10006.TAGCTT.11396,SRhi10014.GTAGAG.11286,SRhi10012.GAGTGG.11363,SRhi10007.TAGCTT.11435,SRhi10008.TAGCTT.11508,SRhi10015.GTAGAG.11287,SRhi10013.GAGTGG.11364,SRhi10009.TAGCTT.11436,SRhi10002.GTCCGC.11257,SRhi10014.GAGTGG.11335,SRhi10010.TAGCTT.11465,SRhi10003.GTCCGC.11288,SRhi10015.GAGTGG.11365,SRhi10011.TAGCTT.11437,SRhi10004.GTCCGC.11289,SRhi10002.GGTAGC.11366,SRhi10012.TAGCTT.11438,SRhi10013.TAGCTT.11513,SRhi10015.TAGCTT.11212,SRhi10005.GTCCGC.11290,SRhi10003.GGTAGC.11367,SRhi10014.TAGCTT.11439,SRhi10006.GTCCGC.11258,SRhi10002.GGCTAC.11466
supportive cell	SRhi10002.CCGTCC.11491,SRhi10004.ACTTGA.11652,SRhi10013.CCGTCC.11518,SRhi10013.CGTACG.11598,SRhi10003.GTAGAG.11255,SRhi10010.GATCAG.11333
ectodermal cell	SRhi10005.TTAGGC.11500,SRhi10006.GTGAAA.11661,SRhi10006.TTAGGC.11235,SRhi10006.CTTGTA.11316,SRhi10007.GTGAAA.11392,SRhi10014.TTAGGC.11242,SRhi10013.CTTGTA.11323,SRhi10014.GTGAAA.11399,SRhi10015.TTAGGC.11526,SRhi10014.CTTGTA.11606,SRhi10015.GTGAAA.11687,SRhi10013.ACAGTG.11271,SRhi10007.AGTTCC.11348,SRhi10004.GTTTCG.11420,SRhi10003.GCCAAT.11272,SRhi10010.AGTTCC.11349,SRhi10005.GTTTCG.11421,SRhi10004.GCCAAT.11251,SRhi10005.GCCAAT.11527,SRhi10011.AGTTCC.11607,SRhi10010.GCCAAT.11274,SRhi10015.AGTTCC.11351,SRhi10009.GTTTCG.11423,SRhi10014.GTTTCG.11352,SRhi10012.CAGATC.11424,SRhi10002.GTAGAG.11220,SRhi10002.GAGTGG.11301,SRhi10009.GATCAG.11378
squamous epithelial cell	SRhi10015.TTAGGC.11526,SRhi10014.CTTGTA.11606,SRhi10015.GTGAAA.11687,SRhi10003.TGACCA.11207,SRhi10002.AGTCAA.11263,SRhi10003.GTGGCC.11340,SRhi10011.GGTAGC.11412,SRhi10004.TGACCA.11264,SRhi10003.AGTCAA.11341,SRhi10004.GTGGCC.11413,SRhi10006.TGACCA.11265,SRhi10006.GTGGCC.11414,SRhi10007.TGACCA.11266,SRhi10006.AGTCAA.11343,SRhi10008.TGACCA.11243,SRhi10007.AGTCAA.11324,SRhi10007.GTGGCC.11400,SRhi10009.TGACCA.11267,SRhi10008.AGTCAA.11344,SRhi10008.GTGGCC.11416,SRhi10003.GCCAAT.11272,SRhi10010.AGTTCC.11349,SRhi10005.GTTTCG.11421,SRhi10004.GCCAAT.11251,SRhi10008.CAGATC.11247,SRhi10007.ATGTCA.11402,SRhi10002.GTAGAG.11220,SRhi10002.GAGTGG.11301,SRhi10009.GATCAG.11378,SRhi10003.GTAGAG.11255,SRhi10010.GATCAG.11333
general ecto-epithelial cell	SRhi10015.TTAGGC.11526,SRhi10014.CTTGTA.11606,SRhi10015.GTGAAA.11687,SRhi10003.GCCAAT.11272,SRhi10010.AGTTCC.11349,SRhi10005.GTTTCG.11421,SRhi10002.GTAGAG.11220,SRhi10002.GAGTGG.11301,SRhi10009.GATCAG.11378
smooth muscle cell of the brain vasculature	SRhi10011.GTAGAG.11234,SRhi10009.GAGTGG.11315,SRhi10003.TAGCTT.11391
protein secreting cell	SRhi10002.GTAGAG.11220,SRhi10002.GAGTGG.11301,SRhi10009.GATCAG.11378,SRhi10003.GTAGAG.11255,SRhi10010.GATCAG.11333
epithelial cell of amnion	SRhi10002.TTAGGC.11533,SRhi10003.CTTGTA.11613,SRhi10005.GTGAAA.11694,SRhi10003.TTAGGC.12237
epidermal cell	SRhi10003.GCCAAT.11272,SRhi10010.AGTTCC.11349,SRhi10005.GTTTCG.11421,SRhi10002.GTAGAG.11220,SRhi10002.GAGTGG.11301,SRhi10009.GATCAG.11378
fibroblast of lymphatic vessel	SRhi10005.ACAGTG.11506,SRhi10002.AGTTCC.11586,SRhi10015.GTGGCC.11667
keratocyte	SRhi10005.GCCAAT.11527,SRhi10011.AGTTCC.11607
cardiocyte	SRhi10013.TGACCA.11268,SRhi10012.AGTCAA.11345,SRhi10011.GTGGCC.11417,SRhi10014.GTAGAG.11286,SRhi10012.GAGTGG.11363,SRhi10007.TAGCTT.11435
mast cell	SRhi10008.GCCAAT.11487,SRhi10009.GCCAAT.11565,SRhi10014.AGTTCC.11566,SRhi10008.GTTTCG.11567
visceral preadipocyte	SRhi10008.CCGTCC.11280,SRhi10010.CGTACG.11357,SRhi10013.ACTTGA.11429
secretory cell	SRhi10011.TTAGGC.11261,SRhi10011.CTTGTA.11338,SRhi10012.GTGAAA.11410,SRhi10012.TTAGGC.11262,SRhi10012.CTTGTA.11339,SRhi10013.GTGAAA.11411,SRhi10015.ACAGTG.11524,SRhi10009.AGTTCC.11604,SRhi10008.GCCAAT.11487,SRhi10009.GCCAAT.11565,SRhi10014.AGTTCC.11566,SRhi10008.GTTTCG.11567,SRhi10011.GCCAAT.11493,SRhi10002.ATGTCA.11573,SRhi10002.GTAGAG.11220,SRhi10002.GAGTGG.11301,SRhi10009.GATCAG.11378,SRhi10003.GTAGAG.11255,SRhi10010.GATCAG.11333,SRhi10007.GTCCGC.11291,SRhi10004.GGTAGC.11368,SRhi10004.GGCTAC.11440
epithelial cell of prostate	SRhi10009.CCGTCC.11253,SRhi10011.CGTACG.11331,SRhi10014.ACTTGA.11404
hepatic mesenchymal stem cell	SRhi10013.GCCAAT.11218,SRhi10004.CAGATC.11538
Myoblast	SRhi10009.ATGTCA.11241,SRhi10012.GTTTCG.11322,SRhi10010.CAGATC.11398
kidney cortex tubule cell	SRhi10014.CCGTCC.11515,SRhi10014.CGTACG.11595,SRhi10006.GATCAG.11676
urothelial cell	SRhi10009.GGCTAC.11216,SRhi10013.GTCCGC.11520,SRhi10010.GGTAGC.11600
B cell	SRhi10066.TAGCTT.11544,SRhi10066.GGCTAC.11624,SRhi10066.CTTGTA.11705,SRhi10084.CCGTCC.4534
vein endothelial cell	SRhi10008.TGACCA.11243,SRhi10007.AGTCAA.11324,SRhi10007.GTGGCC.11400,SRhi10009.TGACCA.11267,SRhi10008.AGTCAA.11344,SRhi10008.GTGGCC.11416
acinar cell	SRhi10002.GTAGAG.11220,SRhi10002.GAGTGG.11301,SRhi10009.GATCAG.11378
extraembryonic cell	SRhi10002.TTAGGC.11533,SRhi10003.CTTGTA.11613,SRhi10005.GTGAAA.11694,SRhi10002.CAGATC.11547,SRhi10004.ATGTCA.11627,SRhi10004.CCGTCC.11278,SRhi10006.CGTACG.11355,SRhi10008.ACTTGA.11427,SRhi10003.TTAGGC.12237,SRhi10013.TTAGGC.12240
endodermal cell	SRhi10015.CGATGT.11510,SRhi10002.CTTGTA.11590,SRhi10004.GTGAAA.11671,SRhi10007.TTAGGC.11511,SRhi10007.CTTGTA.11591,SRhi10008.GTGAAA.11453,SRhi10011.TGACCA.11507,SRhi10010.AGTCAA.11587,SRhi10011.ACAGTG.11302,SRhi10006.AGTTCC.11379,SRhi10014.ACAGTG.11521,SRhi10008.AGTTCC.11601,SRhi10066.AGTCAA.11523,SRhi10066.AGTTCC.11603,SRhi10066.ATGTCA.11684,SRhi10002.GCCAAT.11246,SRhi10004.GCCAAT.11251,SRhi10009.CCGTCC.11253,SRhi10011.CGTACG.11331,SRhi10014.ACTTGA.11404,SRhi10007.GTAGAG.11256,SRhi10006.GAGTGG.11334,SRhi10014.GGTAGC.11406,SRhi10006.GGTAGC.11369,SRhi10005.CGATGT.11441
smooth muscle cell of the brachiocephalic vasculature	SRhi10010.GTAGAG.11284,SRhi10008.GAGTGG.11361,SRhi10002.TAGCTT.11433
hepatic stellate cell	SRhi10015.ACAGTG.11524,SRhi10009.AGTTCC.11604
extracellular matrix secreting cell	SRhi10011.TTAGGC.11261,SRhi10011.CTTGTA.11338,SRhi10012.GTGAAA.11410,SRhi10012.TTAGGC.11262,SRhi10012.CTTGTA.11339,SRhi10013.GTGAAA.11411,SRhi10015.ACAGTG.11524,SRhi10009.AGTTCC.11604,SRhi10011.GCCAAT.11493,SRhi10002.ATGTCA.11573,SRhi10007.GTCCGC.11291,SRhi10004.GGTAGC.11368,SRhi10004.GGCTAC.11440
amnion mesenchymal stem cell	SRhi10002.CAGATC.11547,SRhi10004.ATGTCA.11627
vascular associated smooth muscle cell	SRhi10009.GTAGAG.11210,SRhi10008.GTAGAG.11283,SRhi10007.GAGTGG.11360,SRhi10010.GTAGAG.11284,SRhi10008.GAGTGG.11361,SRhi10002.TAGCTT.11433,SRhi10011.GTAGAG.11234,SRhi10009.GAGTGG.11315,SRhi10003.TAGCTT.11391,SRhi10012.GTAGAG.11285,SRhi10010.GAGTGG.11362,SRhi10014.GTAGAG.11286,SRhi10012.GAGTGG.11363,SRhi10007.TAGCTT.11435,SRhi10015.GTAGAG.11287,SRhi10013.GAGTGG.11364,SRhi10009.TAGCTT.11436,SRhi10003.GTCCGC.11288,SRhi10015.GAGTGG.11365,SRhi10011.TAGCTT.11437,SRhi10004.GTCCGC.11289,SRhi10002.GGTAGC.11366,SRhi10012.TAGCTT.11438,SRhi10015.TAGCTT.11212,SRhi10005.GTCCGC.11290,SRhi10003.GGTAGC.11367,SRhi10014.TAGCTT.11439
meso-epithelial cell	SRhi10015.CGATGT.11510,SRhi10002.CTTGTA.11590,SRhi10004.GTGAAA.11671,SRhi10010.TGACCA.11229,SRhi10009.AGTCAA.11310,SRhi10009.GTGGCC.11386,SRhi10003.TGACCA.11207,SRhi10002.AGTCAA.11263,SRhi10003.GTGGCC.11340,SRhi10011.GGTAGC.11412,SRhi10004.TGACCA.11264,SRhi10003.AGTCAA.11341,SRhi10004.GTGGCC.11413,SRhi10005.TGACCA.11236,SRhi10004.AGTCAA.11317,SRhi10005.GTGGCC.11393,SRhi10006.TGACCA.11265,SRhi10006.GTGGCC.11414,SRhi10007.TGACCA.11266,SRhi10006.AGTCAA.11343,SRhi10008.TGACCA.11243,SRhi10007.AGTCAA.11324,SRhi10007.GTGGCC.11400,SRhi10009.TGACCA.11267,SRhi10008.AGTCAA.11344,SRhi10008.GTGGCC.11416,SRhi10014.ACAGTG.11521,SRhi10008.AGTTCC.11601,SRhi10012.CCGTCC.11514,SRhi10004.GATCAG.11594,SRhi10014.CCGTCC.11515,SRhi10014.CGTACG.11595,SRhi10006.GATCAG.11676,SRhi10007.GTCCGC.11291,SRhi10004.GGTAGC.11368,SRhi10004.GGCTAC.11440,SRhi10008.GTCCGC.11532,SRhi10005.GGTAGC.11612
aortic endothelial cell	SRhi10003.TGACCA.11207,SRhi10002.AGTCAA.11263,SRhi10003.GTGGCC.11340,SRhi10011.GGTAGC.11412,SRhi10007.TGACCA.11266,SRhi10006.AGTCAA.11343
Renal Epithelial Cells	SRhi10011.CCGTCC.11517,SRhi10003.GATCAG.11597
Chondrocyte - de diff	SRhi10011.TTAGGC.11261,SRhi10011.CTTGTA.11338,SRhi10012.GTGAAA.11410
Smooth Muscle Cells - Pulmonary Artery	SRhi10003.GTCCGC.11288,SRhi10015.GAGTGG.11365,SRhi10011.TAGCTT.11437
kidney epithelial cell	SRhi10002.GATCAG.11516,SRhi10011.CCGTCC.11517,SRhi10003.GATCAG.11597,SRhi10012.CCGTCC.11514,SRhi10004.GATCAG.11594,SRhi10013.CCGTCC.11518,SRhi10013.CGTACG.11598,SRhi10014.CCGTCC.11515,SRhi10014.CGTACG.11595,SRhi10006.GATCAG.11676
endothelial cell of artery	SRhi10003.TGACCA.11207,SRhi10002.AGTCAA.11263,SRhi10003.GTGGCC.11340,SRhi10011.GGTAGC.11412,SRhi10004.TGACCA.11264,SRhi10003.AGTCAA.11341,SRhi10004.GTGGCC.11413,SRhi10007.TGACCA.11266,SRhi10006.AGTCAA.11343
neutrophil	SRhi10012.ATGTCA.11233,SRhi10015.GTTTCG.11314,SRhi10013.CAGATC.11390
Fibroblast - Lung	SRhi10004.ACAGTG.11270,SRhi10015.AGTCAA.11347,SRhi10014.GTGGCC.11419
Mesenchymal Stem Cells - umbilical	SRhi10014.GCCAAT.11214,SRhi10005.CAGATC.11539,SRhi10006.ATGTCA.11619,SRhi10011.GTTTCG.11700
natural killer cell	SRhi10010.ATGTCA.11230,SRhi10013.GTTTCG.11311,SRhi10011.CAGATC.11387
pericyte cell	SRhi10002.CCGTCC.11491,SRhi10004.ACTTGA.11652,SRhi10013.CCGTCC.11518,SRhi10013.CGTACG.11598
Small Airway Epithelial Cells	SRhi10007.GTAGAG.11256,SRhi10006.GAGTGG.11334,SRhi10014.GGTAGC.11406
astrocyte of the cerebral cortex	SRhi10006.TTAGGC.11235,SRhi10006.CTTGTA.11316,SRhi10007.GTGAAA.11392
myotube	SRhi10004.GTAGAG.11282,SRhi10003.GAGTGG.11359
leptomeningeal cell	SRhi10011.GCCAAT.11493,SRhi10002.ATGTCA.11573
Pericytes	SRhi10002.CCGTCC.11491,SRhi10004.ACTTGA.11652
immature conventional dendritic cell	SRhi10002.TGACCA.11227,SRhi10015.CTTGTA.11308,SRhi10002.GTGGCC.11384
fibroblast of cardiac tissue	SRhi10013.TGACCA.11268,SRhi10012.AGTCAA.11345,SRhi10011.GTGGCC.11417
epithelial cell of alimentary canal	SRhi10011.TGACCA.11507,SRhi10010.AGTCAA.11587,SRhi10011.ACAGTG.11302,SRhi10006.AGTTCC.11379,SRhi10002.GCCAAT.11246,SRhi10004.GCCAAT.11251
renal cortical epithelial cell	SRhi10002.GATCAG.11516,SRhi10012.CCGTCC.11514,SRhi10004.GATCAG.11594,SRhi10013.CCGTCC.11518,SRhi10013.CGTACG.11598,SRhi10014.CCGTCC.11515,SRhi10014.CGTACG.11595,SRhi10006.GATCAG.11676
capillary endothelial cell	SRhi10006.TGACCA.11265,SRhi10006.GTGGCC.11414
skeletal muscle myoblast	SRhi10009.ATGTCA.11241,SRhi10012.GTTTCG.11322,SRhi10010.CAGATC.11398,SRhi10005.GTAGAG.11281,SRhi10004.GAGTGG.11358,SRhi10012.GATCAG.11430,SRhi10004.GTAGAG.11282,SRhi10003.GAGTGG.11359
chondrocyte	SRhi10011.TTAGGC.11261,SRhi10011.CTTGTA.11338,SRhi10012.GTGAAA.11410,SRhi10012.TTAGGC.11262,SRhi10012.CTTGTA.11339,SRhi10013.GTGAAA.11411
preadipocyte	SRhi10007.CGTACG.11328,SRhi10006.CCGTCC.11468,SRhi10008.CGTACG.11329,SRhi10010.ACTTGA.11403,SRhi10011.ACTTGA.11469,SRhi10007.CCGTCC.11279,SRhi10009.CGTACG.11356,SRhi10012.ACTTGA.11428,SRhi10008.CCGTCC.11280,SRhi10010.CGTACG.11357,SRhi10013.ACTTGA.11429
corneal epithelial cell	SRhi10015.TTAGGC.11526,SRhi10014.CTTGTA.11606,SRhi10015.GTGAAA.11687
light melanocyte	SRhi10010.GCCAAT.11274,SRhi10015.AGTTCC.11351,SRhi10009.GTTTCG.11423
mesenchymal stem cell	SRhi10006.CAGATC.11219,SRhi10007.CAGATC.11548,SRhi10012.GCCAAT.11217,SRhi10015.GCCAAT.11537,SRhi10003.ATGTCA.11617,SRhi10002.CAGATC.11547,SRhi10004.ATGTCA.11627,SRhi10003.CAGATC.11536,SRhi10010.GTTTCG.11697,SRhi10013.GGTAGC.11464,SRhi10013.GCCAAT.11218,SRhi10004.CAGATC.11538,SRhi10014.GCCAAT.11214,SRhi10005.CAGATC.11539,SRhi10006.ATGTCA.11619,SRhi10011.GTTTCG.11700
hematopoietic cell	SRhi10008.TTAGGC.11224,SRhi10008.CTTGTA.11305,SRhi10009.GTGAAA.11381,SRhi10010.TGACCA.11229,SRhi10009.AGTCAA.11310,SRhi10009.GTGGCC.11386,SRhi10064.CAGATC.11857,SRhi10066.TAGCTT.11544,SRhi10066.GGCTAC.11624,SRhi10066.CTTGTA.11705,SRhi10009.TTAGGC.11225,SRhi10009.CTTGTA.11306,SRhi10010.GTGAAA.11382,SRhi10010.TTAGGC.11226,SRhi10010.CTTGTA.11307,SRhi10011.GTGAAA.11383,SRhi10002.TGACCA.11227,SRhi10015.CTTGTA.11308,SRhi10002.GTGGCC.11384,SRhi10006.GCCAAT.11232,SRhi10012.AGTTCC.11313,SRhi10006.GTTTCG.11389,SRhi10008.GCCAAT.11487,SRhi10009.GCCAAT.11565,SRhi10014.AGTTCC.11566,SRhi10008.GTTTCG.11567,SRhi10008.ATGTCA.11549,SRhi10009.CAGATC.11629,SRhi10010.ATGTCA.11230,SRhi10013.GTTTCG.11311,SRhi10011.CAGATC.11387,SRhi10012.ATGTCA.11233,SRhi10015.GTTTCG.11314,SRhi10013.CAGATC.11390,SRhi10003.CCGTCC.11231,SRhi10005.CGTACG.11312,SRhi10005.ACTTGA.11388,SRhi10084.CCGTCC.4534,SRhi10042.AGTCAA.3997
omentum preadipocyte	SRhi10006.CCGTCC.11468,SRhi10008.CGTACG.11329,SRhi10010.ACTTGA.11403
Fibroblast - Mammary	SRhi10006.ACAGTG.11540,SRhi10003.AGTTCC.11620,SRhi10002.GTTTCG.11701
mononuclear cell	SRhi10003.CCGTCC.11231,SRhi10005.CGTACG.11312,SRhi10005.ACTTGA.11388
smooth muscle cell of the subclavian artery	SRhi10004.GTCCGC.11289,SRhi10002.GGTAGC.11366,SRhi10012.TAGCTT.11438
pluripotent stem cell	SRhi10012.ACAGTG.12626,SRhi10037.AGTTCC.3902,SRhi10037.CGTACG.3903,SRhi10037.GGTAGC.3904,SRhi10043.GTGAAA.4080+4081,SRhi10043.GTTTCG.4084,SRhi10043.GTAGAG.4082+4083
smooth muscle cell of the umbilical artery	SRhi10015.TAGCTT.11212,SRhi10005.GTCCGC.11290,SRhi10003.GGTAGC.11367,SRhi10014.TAGCTT.11439
respiratory epithelial cell	SRhi10015.CGATGT.11510,SRhi10002.CTTGTA.11590,SRhi10004.GTGAAA.11671,SRhi10007.TTAGGC.11511,SRhi10007.CTTGTA.11591,SRhi10008.GTGAAA.11453,SRhi10007.GTAGAG.11256,SRhi10006.GAGTGG.11334,SRhi10014.GGTAGC.11406,SRhi10006.GGTAGC.11369,SRhi10005.CGATGT.11441
endothelial cell of hepatic sinusoid	SRhi10014.ACAGTG.11521,SRhi10008.AGTTCC.11601
stromal cell	SRhi10011.TTAGGC.11261,SRhi10011.CTTGTA.11338,SRhi10012.GTGAAA.11410,SRhi10012.TTAGGC.11262,SRhi10012.CTTGTA.11339,SRhi10013.GTGAAA.11411,SRhi10015.ACAGTG.11524,SRhi10009.AGTTCC.11604,SRhi10011.GCCAAT.11493,SRhi10002.ATGTCA.11573,SRhi10003.ACTTGA.11249,SRhi10010.CCGTCC.11254,SRhi10012.CGTACG.11332,SRhi10003.CGATGT.11405,SRhi10007.GTCCGC.11291,SRhi10004.GGTAGC.11368,SRhi10004.GGCTAC.11440
fibroblast	SRhi10012.TGACCA.11245,SRhi10011.AGTCAA.11326,SRhi10012.GGTAGC.11401,SRhi10013.TGACCA.11268,SRhi10012.AGTCAA.11345,SRhi10011.GTGGCC.11417,SRhi10014.TGACCA.11492,SRhi10015.TGACCA.11531,SRhi10002.ACAGTG.11269,SRhi10013.AGTCAA.11346,SRhi10012.GTGGCC.11418,SRhi10003.ACAGTG.11237,SRhi10014.AGTCAA.11318,SRhi10013.GTGGCC.11394,SRhi10004.ACAGTG.11270,SRhi10015.AGTCAA.11347,SRhi10014.GTGGCC.11419,SRhi10005.ACAGTG.11506,SRhi10002.AGTTCC.11586,SRhi10015.GTGGCC.11667,SRhi10006.ACAGTG.11540,SRhi10003.AGTTCC.11620,SRhi10002.GTTTCG.11701,SRhi10007.ACAGTG.11238,SRhi10004.AGTTCC.11319,SRhi10003.GTTTCG.11395,SRhi10008.ACAGTG.11250,SRhi10010.ACAGTG.11535,SRhi10015.ACAGTG.11524,SRhi10009.AGTTCC.11604,SRhi10005.GCCAAT.11527,SRhi10011.AGTTCC.11607,SRhi10007.CGTACG.11328,SRhi10006.CCGTCC.11468,SRhi10008.CGTACG.11329,SRhi10010.ACTTGA.11403,SRhi10011.ACTTGA.11469,SRhi10007.CCGTCC.11279,SRhi10009.CGTACG.11356,SRhi10012.ACTTGA.11428,SRhi10008.CCGTCC.11280,SRhi10010.CGTACG.11357,SRhi10013.ACTTGA.11429,SRhi10042.GAGTGG.3952+3953
epithelial cell	SRhi10015.CGATGT.11510,SRhi10002.CTTGTA.11590,SRhi10004.GTGAAA.11671,SRhi10002.TTAGGC.11533,SRhi10003.CTTGTA.11613,SRhi10005.GTGAAA.11694,SRhi10007.TTAGGC.11511,SRhi10007.CTTGTA.11591,SRhi10008.GTGAAA.11453,SRhi10014.TTAGGC.11242,SRhi10013.CTTGTA.11323,SRhi10014.GTGAAA.11399,SRhi10015.TTAGGC.11526,SRhi10014.CTTGTA.11606,SRhi10015.GTGAAA.11687,SRhi10003.TGACCA.11207,SRhi10002.AGTCAA.11263,SRhi10003.GTGGCC.11340,SRhi10011.GGTAGC.11412,SRhi10004.TGACCA.11264,SRhi10003.AGTCAA.11341,SRhi10004.GTGGCC.11413,SRhi10005.TGACCA.11236,SRhi10004.AGTCAA.11317,SRhi10005.GTGGCC.11393,SRhi10006.TGACCA.11265,SRhi10006.GTGGCC.11414,SRhi10007.TGACCA.11266,SRhi10006.AGTCAA.11343,SRhi10008.TGACCA.11243,SRhi10007.AGTCAA.11324,SRhi10007.GTGGCC.11400,SRhi10009.TGACCA.11267,SRhi10008.AGTCAA.11344,SRhi10008.GTGGCC.11416,SRhi10011.TGACCA.11507,SRhi10010.AGTCAA.11587,SRhi10011.ACAGTG.11302,SRhi10006.AGTTCC.11379,SRhi10014.ACAGTG.11521,SRhi10008.AGTTCC.11601,SRhi10066.AGTCAA.11523,SRhi10066.AGTTCC.11603,SRhi10066.ATGTCA.11684,SRhi10002.GCCAAT.11246,SRhi10003.GCCAAT.11272,SRhi10010.AGTTCC.11349,SRhi10005.GTTTCG.11421,SRhi10004.GCCAAT.11251,SRhi10007.GCCAAT.11273,SRhi10013.AGTTCC.11350,SRhi10007.GTTTCG.11422,SRhi10010.GCCAAT.11274,SRhi10015.AGTTCC.11351,SRhi10009.GTTTCG.11423,SRhi10008.CAGATC.11247,SRhi10007.ATGTCA.11402,SRhi10004.CCGTCC.11278,SRhi10006.CGTACG.11355,SRhi10008.ACTTGA.11427,SRhi10009.CCGTCC.11253,SRhi10011.CGTACG.11331,SRhi10014.ACTTGA.11404,SRhi10002.GATCAG.11516,SRhi10011.CCGTCC.11517,SRhi10003.GATCAG.11597,SRhi10012.CCGTCC.11514,SRhi10004.GATCAG.11594,SRhi10014.CCGTCC.11515,SRhi10014.CGTACG.11595,SRhi10006.GATCAG.11676,SRhi10015.CCGTCC.11215,SRhi10015.CGTACG.11528,SRhi10007.GATCAG.11608,SRhi10002.GTAGAG.11220,SRhi10002.GAGTGG.11301,SRhi10009.GATCAG.11378,SRhi10007.GTAGAG.11256,SRhi10006.GAGTGG.11334,SRhi10014.GGTAGC.11406,SRhi10008.GTCCGC.11532,SRhi10005.GGTAGC.11612,SRhi10006.GGTAGC.11369,SRhi10005.CGATGT.11441,SRhi10009.GGCTAC.11216,SRhi10013.GTCCGC.11520,SRhi10010.GGTAGC.11600
Nucleus Pulposus Cell	SRhi10013.ATGTCA.11252,SRhi10014.CAGATC.11462
subcutaneous preadipocyte	SRhi10007.CCGTCC.11279,SRhi10009.CGTACG.11356,SRhi10012.ACTTGA.11428
neural cell	SRhi10005.TTAGGC.11500,SRhi10006.GTGAAA.11661,SRhi10006.TTAGGC.11235,SRhi10006.CTTGTA.11316,SRhi10007.GTGAAA.11392,SRhi10014.GTTTCG.11352,SRhi10012.CAGATC.11424
epithelial cell of lung	SRhi10015.CGATGT.11510,SRhi10002.CTTGTA.11590,SRhi10004.GTGAAA.11671,SRhi10007.TTAGGC.11511,SRhi10007.CTTGTA.11591,SRhi10008.GTGAAA.11453
synovial cell	SRhi10007.GTCCGC.11291,SRhi10004.GGTAGC.11368,SRhi10004.GGCTAC.11440
fibroblast of the aortic adventitia	SRhi10012.TGACCA.11245,SRhi10011.AGTCAA.11326,SRhi10012.GGTAGC.11401
adipocyte of omentum tissue	SRhi10012.CGATGT.11473,SRhi10014.GGCTAC.11474,SRhi10002.GTGAAA.11475
smooth muscle cell of colon	SRhi10013.GTAGAG.11239,SRhi10011.GAGTGG.11320,SRhi10006.TAGCTT.11396
alpha-beta T cell	SRhi10009.TTAGGC.11225,SRhi10009.CTTGTA.11306,SRhi10010.GTGAAA.11382,SRhi10010.TTAGGC.11226,SRhi10010.CTTGTA.11307,SRhi10011.GTGAAA.11383
renal interstitial pericyte	SRhi10013.CCGTCC.11518,SRhi10013.CGTACG.11598
Keratinocyte - epidermal	SRhi10003.GCCAAT.11272,SRhi10010.AGTTCC.11349,SRhi10005.GTTTCG.11421
aortic smooth muscle cell	SRhi10009.GTAGAG.11210,SRhi10008.GTAGAG.11283,SRhi10007.GAGTGG.11360
glomerular endothelial cell	SRhi10012.CCGTCC.11514,SRhi10004.GATCAG.11594
smooth muscle cell of the internal thoracic artery	SRhi10015.GTAGAG.11287,SRhi10013.GAGTGG.11364,SRhi10009.TAGCTT.11436
endo-epithelial cell	SRhi10015.CGATGT.11510,SRhi10002.CTTGTA.11590,SRhi10004.GTGAAA.11671,SRhi10007.TTAGGC.11511,SRhi10007.CTTGTA.11591,SRhi10008.GTGAAA.11453,SRhi10011.TGACCA.11507,SRhi10010.AGTCAA.11587,SRhi10011.ACAGTG.11302,SRhi10006.AGTTCC.11379,SRhi10002.GCCAAT.11246,SRhi10004.GCCAAT.11251,SRhi10009.CCGTCC.11253,SRhi10011.CGTACG.11331,SRhi10014.ACTTGA.11404,SRhi10007.GTAGAG.11256,SRhi10006.GAGTGG.11334,SRhi10014.GGTAGC.11406,SRhi10006.GGTAGC.11369,SRhi10005.CGATGT.11441
phagocyte	SRhi10008.TTAGGC.11224,SRhi10008.CTTGTA.11305,SRhi10009.GTGAAA.11381,SRhi10064.CAGATC.11857,SRhi10002.TGACCA.11227,SRhi10015.CTTGTA.11308,SRhi10002.GTGGCC.11384,SRhi10006.GCCAAT.11232,SRhi10012.AGTTCC.11313,SRhi10006.GTTTCG.11389
gingival epithelial cell	SRhi10011.ACAGTG.11302,SRhi10006.AGTTCC.11379
adipocyte of breast	SRhi10011.CGATGT.11376,SRhi10013.GGCTAC.11327
Hepatocyte	SRhi10066.AGTCAA.11523,SRhi10066.AGTTCC.11603,SRhi10066.ATGTCA.11684
iPS	SRhi10043.GTGAAA.4080+4081,SRhi10043.GTTTCG.4084,SRhi10043.GTAGAG.4082+4083
Esophageal Epithelial Cells	SRhi10011.TGACCA.11507,SRhi10010.AGTCAA.11587
subcutaneous fat cell	SRhi10014.CGATGT.11259,SRhi10015.GGCTAC.11336,SRhi10003.GTGAAA.11408
CD4-positive, alpha-beta T cell	SRhi10009.TTAGGC.11225,SRhi10009.CTTGTA.11306,SRhi10010.GTGAAA.11382
neuronal stem cell	SRhi10014.GTTTCG.11352,SRhi10012.CAGATC.11424
cell of skeletal muscle	SRhi10009.ATGTCA.11241,SRhi10012.GTTTCG.11322,SRhi10010.CAGATC.11398,SRhi10005.GTAGAG.11281,SRhi10004.GAGTGG.11358,SRhi10012.GATCAG.11430,SRhi10006.GTAGAG.11240,SRhi10005.GAGTGG.11321,SRhi10013.GATCAG.11397,SRhi10004.GTAGAG.11282,SRhi10003.GAGTGG.11359
leukocyte	SRhi10008.TTAGGC.11224,SRhi10008.CTTGTA.11305,SRhi10009.GTGAAA.11381,SRhi10010.TGACCA.11229,SRhi10009.AGTCAA.11310,SRhi10009.GTGGCC.11386,SRhi10064.CAGATC.11857,SRhi10066.TAGCTT.11544,SRhi10066.GGCTAC.11624,SRhi10066.CTTGTA.11705,SRhi10009.TTAGGC.11225,SRhi10009.CTTGTA.11306,SRhi10010.GTGAAA.11382,SRhi10010.TTAGGC.11226,SRhi10010.CTTGTA.11307,SRhi10011.GTGAAA.11383,SRhi10002.TGACCA.11227,SRhi10015.CTTGTA.11308,SRhi10002.GTGGCC.11384,SRhi10006.GCCAAT.11232,SRhi10012.AGTTCC.11313,SRhi10006.GTTTCG.11389,SRhi10008.GCCAAT.11487,SRhi10009.GCCAAT.11565,SRhi10014.AGTTCC.11566,SRhi10008.GTTTCG.11567,SRhi10010.ATGTCA.11230,SRhi10013.GTTTCG.11311,SRhi10011.CAGATC.11387,SRhi10012.ATGTCA.11233,SRhi10015.GTTTCG.11314,SRhi10013.CAGATC.11390,SRhi10003.CCGTCC.11231,SRhi10005.CGTACG.11312,SRhi10005.ACTTGA.11388,SRhi10084.CCGTCC.4534,SRhi10042.AGTCAA.3997
nephron tubule epithelial cell	SRhi10002.GATCAG.11516,SRhi10011.CCGTCC.11517,SRhi10003.GATCAG.11597,SRhi10013.CCGTCC.11518,SRhi10013.CGTACG.11598,SRhi10014.CCGTCC.11515,SRhi10014.CGTACG.11595,SRhi10006.GATCAG.11676
skeletal muscle satellite cell	SRhi10006.GTAGAG.11240,SRhi10005.GAGTGG.11321,SRhi10013.GATCAG.11397
GAG secreting cell	SRhi10011.TTAGGC.11261,SRhi10011.CTTGTA.11338,SRhi10012.GTGAAA.11410,SRhi10012.TTAGGC.11262,SRhi10012.CTTGTA.11339,SRhi10013.GTGAAA.11411,SRhi10007.GTCCGC.11291,SRhi10004.GGTAGC.11368,SRhi10004.GGCTAC.11440
myeloid leukocyte	SRhi10008.TTAGGC.11224,SRhi10008.CTTGTA.11305,SRhi10009.GTGAAA.11381,SRhi10010.TGACCA.11229,SRhi10009.AGTCAA.11310,SRhi10009.GTGGCC.11386,SRhi10064.CAGATC.11857,SRhi10002.TGACCA.11227,SRhi10015.CTTGTA.11308,SRhi10002.GTGGCC.11384,SRhi10006.GCCAAT.11232,SRhi10012.AGTTCC.11313,SRhi10006.GTTTCG.11389,SRhi10008.GCCAAT.11487,SRhi10009.GCCAAT.11565,SRhi10014.AGTTCC.11566,SRhi10008.GTTTCG.11567,SRhi10012.ATGTCA.11233,SRhi10015.GTTTCG.11314,SRhi10013.CAGATC.11390
epithelial cell of lower respiratory tract	SRhi10015.CGATGT.11510,SRhi10002.CTTGTA.11590,SRhi10004.GTGAAA.11671,SRhi10007.TTAGGC.11511,SRhi10007.CTTGTA.11591,SRhi10008.GTGAAA.11453,SRhi10006.GGTAGC.11369,SRhi10005.CGATGT.11441
Smooth Muscle Cells - Uterine	SRhi10006.GTCCGC.11258,SRhi10002.GGCTAC.11466
ecto-epithelial cell	SRhi10014.TTAGGC.11242,SRhi10013.CTTGTA.11323,SRhi10014.GTGAAA.11399,SRhi10015.TTAGGC.11526,SRhi10014.CTTGTA.11606,SRhi10015.GTGAAA.11687,SRhi10003.GCCAAT.11272,SRhi10010.AGTTCC.11349,SRhi10005.GTTTCG.11421,SRhi10010.GCCAAT.11274,SRhi10015.AGTTCC.11351,SRhi10009.GTTTCG.11423,SRhi10002.GTAGAG.11220,SRhi10002.GAGTGG.11301,SRhi10009.GATCAG.11378
astrocyte	SRhi10005.TTAGGC.11500,SRhi10006.GTGAAA.11661,SRhi10006.TTAGGC.11235,SRhi10006.CTTGTA.11316,SRhi10007.GTGAAA.11392
glomerular cell	SRhi10015.CGATGT.11510,SRhi10002.CTTGTA.11590,SRhi10004.GTGAAA.11671,SRhi10012.CCGTCC.11514,SRhi10004.GATCAG.11594,SRhi10013.CCGTCC.11518,SRhi10013.CGTACG.11598
lining cell	SRhi10015.CGATGT.11510,SRhi10002.CTTGTA.11590,SRhi10004.GTGAAA.11671,SRhi10003.TGACCA.11207,SRhi10002.AGTCAA.11263,SRhi10003.GTGGCC.11340,SRhi10011.GGTAGC.11412,SRhi10004.TGACCA.11264,SRhi10003.AGTCAA.11341,SRhi10004.GTGGCC.11413,SRhi10005.TGACCA.11236,SRhi10004.AGTCAA.11317,SRhi10005.GTGGCC.11393,SRhi10006.TGACCA.11265,SRhi10006.GTGGCC.11414,SRhi10007.TGACCA.11266,SRhi10006.AGTCAA.11343,SRhi10008.TGACCA.11243,SRhi10007.AGTCAA.11324,SRhi10007.GTGGCC.11400,SRhi10009.TGACCA.11267,SRhi10008.AGTCAA.11344,SRhi10008.GTGGCC.11416,SRhi10014.ACAGTG.11521,SRhi10008.AGTTCC.11601,SRhi10008.CAGATC.11247,SRhi10007.ATGTCA.11402,SRhi10012.CCGTCC.11514,SRhi10004.GATCAG.11594,SRhi10003.GTAGAG.11255,SRhi10010.GATCAG.11333,SRhi10007.GTCCGC.11291,SRhi10004.GGTAGC.11368,SRhi10004.GGCTAC.11440,SRhi10008.GTCCGC.11532,SRhi10005.GGTAGC.11612
prostate stromal cell	SRhi10010.CCGTCC.11254,SRhi10012.CGTACG.11332,SRhi10003.CGATGT.11405
stem cell	SRhi10012.ACAGTG.12626,SRhi10006.CAGATC.11219,SRhi10007.CAGATC.11548,SRhi10012.GCCAAT.11217,SRhi10015.GCCAAT.11537,SRhi10003.ATGTCA.11617,SRhi10002.CAGATC.11547,SRhi10004.ATGTCA.11627,SRhi10003.CAGATC.11536,SRhi10010.GTTTCG.11697,SRhi10013.GGTAGC.11464,SRhi10013.GCCAAT.11218,SRhi10004.CAGATC.11538,SRhi10014.GCCAAT.11214,SRhi10005.CAGATC.11539,SRhi10006.ATGTCA.11619,SRhi10011.GTTTCG.11700,SRhi10014.GTTTCG.11352,SRhi10012.CAGATC.11424,SRhi10037.AGTTCC.3902,SRhi10037.CGTACG.3903,SRhi10037.GGTAGC.3904
adult endothelial progenitor cell	SRhi10010.TGACCA.11229,SRhi10009.AGTCAA.11310,SRhi10009.GTGGCC.11386
monocyte	SRhi10008.TTAGGC.11224,SRhi10008.CTTGTA.11305,SRhi10009.GTGAAA.11381,SRhi10010.TGACCA.11229,SRhi10009.AGTCAA.11310,SRhi10009.GTGGCC.11386,SRhi10064.CAGATC.11857,SRhi10002.TGACCA.11227,SRhi10015.CTTGTA.11308,SRhi10002.GTGGCC.11384,SRhi10006.GCCAAT.11232,SRhi10012.AGTTCC.11313,SRhi10006.GTTTCG.11389
smooth muscle cell of the coronary artery	SRhi10014.GTAGAG.11286,SRhi10012.GAGTGG.11363,SRhi10007.TAGCTT.11435
fat cell	SRhi10011.CGATGT.11376,SRhi10013.GGCTAC.11327,SRhi10012.CGATGT.11473,SRhi10014.GGCTAC.11474,SRhi10002.GTGAAA.11475,SRhi10013.CGATGT.11476,SRhi10014.CGATGT.11259,SRhi10015.GGCTAC.11336,SRhi10003.GTGAAA.11408
bronchial epithelial cell	SRhi10007.TTAGGC.11511,SRhi10007.CTTGTA.11591,SRhi10008.GTGAAA.11453
mesenchymal stem cell of the bone marrow	SRhi10003.CAGATC.11536,SRhi10010.GTTTCG.11697,SRhi10013.GGTAGC.11464
blood vessel endothelial cell	SRhi10003.TGACCA.11207,SRhi10002.AGTCAA.11263,SRhi10003.GTGGCC.11340,SRhi10011.GGTAGC.11412,SRhi10004.TGACCA.11264,SRhi10003.AGTCAA.11341,SRhi10004.GTGGCC.11413,SRhi10006.TGACCA.11265,SRhi10006.GTGGCC.11414,SRhi10007.TGACCA.11266,SRhi10006.AGTCAA.11343,SRhi10008.TGACCA.11243,SRhi10007.AGTCAA.11324,SRhi10007.GTGGCC.11400,SRhi10009.TGACCA.11267,SRhi10008.AGTCAA.11344,SRhi10008.GTGGCC.11416
skin fibroblast	SRhi10002.ACAGTG.11269,SRhi10013.AGTCAA.11346,SRhi10012.GTGGCC.11418,SRhi10042.GAGTGG.3952+3953
annulus pulposus cell	SRhi10004.TTAGGC.11248,SRhi10004.CTTGTA.11463
lymphocyte	SRhi10066.TAGCTT.11544,SRhi10066.GGCTAC.11624,SRhi10066.CTTGTA.11705,SRhi10009.TTAGGC.11225,SRhi10009.CTTGTA.11306,SRhi10010.GTGAAA.11382,SRhi10010.TTAGGC.11226,SRhi10010.CTTGTA.11307,SRhi10011.GTGAAA.11383,SRhi10010.ATGTCA.11230,SRhi10013.GTTTCG.11311,SRhi10011.CAGATC.11387,SRhi10084.CCGTCC.4534,SRhi10042.AGTCAA.3997
Alveolar Epithelial Cells	SRhi10015.CGATGT.11510,SRhi10002.CTTGTA.11590,SRhi10004.GTGAAA.11671
endothelial cell of lymphatic vessel	SRhi10005.TGACCA.11236,SRhi10004.AGTCAA.11317,SRhi10005.GTGGCC.11393
muscle cell	SRhi10009.ATGTCA.11241,SRhi10012.GTTTCG.11322,SRhi10010.CAGATC.11398,SRhi10005.GTAGAG.11281,SRhi10004.GAGTGG.11358,SRhi10012.GATCAG.11430,SRhi10006.GTAGAG.11240,SRhi10005.GAGTGG.11321,SRhi10013.GATCAG.11397,SRhi10004.GTAGAG.11282,SRhi10003.GAGTGG.11359,SRhi10009.GTAGAG.11210,SRhi10008.GTAGAG.11283,SRhi10007.GAGTGG.11360,SRhi10010.GTAGAG.11284,SRhi10008.GAGTGG.11361,SRhi10002.TAGCTT.11433,SRhi10011.GTAGAG.11234,SRhi10009.GAGTGG.11315,SRhi10003.TAGCTT.11391,SRhi10004.TAGCTT.11512,SRhi10012.GTAGAG.11285,SRhi10010.GAGTGG.11362,SRhi10013.GTAGAG.11239,SRhi10011.GAGTGG.11320,SRhi10006.TAGCTT.11396,SRhi10014.GTAGAG.11286,SRhi10012.GAGTGG.11363,SRhi10007.TAGCTT.11435,SRhi10008.TAGCTT.11508,SRhi10015.GTAGAG.11287,SRhi10013.GAGTGG.11364,SRhi10009.TAGCTT.11436,SRhi10002.GTCCGC.11257,SRhi10014.GAGTGG.11335,SRhi10010.TAGCTT.11465,SRhi10003.GTCCGC.11288,SRhi10015.GAGTGG.11365,SRhi10011.TAGCTT.11437,SRhi10004.GTCCGC.11289,SRhi10002.GGTAGC.11366,SRhi10012.TAGCTT.11438,SRhi10013.TAGCTT.11513,SRhi10015.TAGCTT.11212,SRhi10005.GTCCGC.11290,SRhi10003.GGTAGC.11367,SRhi10014.TAGCTT.11439,SRhi10006.GTCCGC.11258,SRhi10002.GGCTAC.11466
mesothelial cell	SRhi10008.CAGATC.11247,SRhi10007.ATGTCA.11402
mammary gland epithelial cell	SRhi10007.GCCAAT.11273,SRhi10013.AGTTCC.11350,SRhi10007.GTTTCG.11422
macrophage	SRhi10006.GCCAAT.11232,SRhi10012.AGTTCC.11313,SRhi10006.GTTTCG.11389
smooth muscle cell of the carotid artery	SRhi10012.GTAGAG.11285,SRhi10010.GAGTGG.11362
keratinocyte	SRhi10003.GCCAAT.11272,SRhi10010.AGTTCC.11349,SRhi10005.GTTTCG.11421,SRhi10004.GCCAAT.11251
classical monocyte	SRhi10008.TTAGGC.11224,SRhi10008.CTTGTA.11305,SRhi10009.GTGAAA.11381,SRhi10064.CAGATC.11857
thoracic aorta endothelial cell	SRhi10007.TGACCA.11266,SRhi10006.AGTCAA.11343
embryonic stem cell	SRhi10012.ACAGTG.12626,SRhi10037.AGTTCC.3902,SRhi10037.CGTACG.3903,SRhi10037.GGTAGC.3904
CD14-positive, CD16-positive monocyte	SRhi10008.TTAGGC.11224,SRhi10008.CTTGTA.11305,SRhi10009.GTGAAA.11381
fibroblast of periodontium	SRhi10007.ACAGTG.11238,SRhi10004.AGTTCC.11319,SRhi10003.GTTTCG.11395
smooth muscle cell of prostate	SRhi10002.GTCCGC.11257,SRhi10014.GAGTGG.11335,SRhi10010.TAGCTT.11465
T cell	SRhi10009.TTAGGC.11225,SRhi10009.CTTGTA.11306,SRhi10010.GTGAAA.11382,SRhi10010.TTAGGC.11226,SRhi10010.CTTGTA.11307,SRhi10011.GTGAAA.11383,SRhi10042.AGTCAA.3997
mesenchymal stem cell of adipose	SRhi10012.GCCAAT.11217,SRhi10015.GCCAAT.11537,SRhi10003.ATGTCA.11617
endothelial cell of umbilical vein	SRhi10008.TGACCA.11243,SRhi10007.AGTCAA.11324,SRhi10007.GTGGCC.11400
