endothelial_cell	SRhi10003.TGACCA.11207,SRhi10002.AGTCAA.11263,SRhi10003.GTGGCC.11340,SRhi10011.GGTAGC.11412,SRhi10004.TGACCA.11264,SRhi10003.AGTCAA.11341,SRhi10004.GTGGCC.11413,SRhi10005.TGACCA.11236,SRhi10004.AGTCAA.11317,SRhi10005.GTGGCC.11393,SRhi10006.TGACCA.11265,SRhi10006.GTGGCC.11414,SRhi10007.TGACCA.11266,SRhi10006.AGTCAA.11343,SRhi10008.TGACCA.11243,SRhi10007.AGTCAA.11324,SRhi10007.GTGGCC.11400,SRhi10009.TGACCA.11267,SRhi10008.AGTCAA.11344,SRhi10008.GTGGCC.11416,SRhi10014.ACAGTG.11521,SRhi10008.AGTTCC.11601,SRhi10012.CCGTCC.11514,SRhi10004.GATCAG.11594,SRhi10008.GTCCGC.11532,SRhi10005.GGTAGC.11612
endothelial_cell_of_vascular_tree	SRhi10003.TGACCA.11207,SRhi10002.AGTCAA.11263,SRhi10003.GTGGCC.11340,SRhi10011.GGTAGC.11412,SRhi10004.TGACCA.11264,SRhi10003.AGTCAA.11341,SRhi10004.GTGGCC.11413,SRhi10005.TGACCA.11236,SRhi10004.AGTCAA.11317,SRhi10005.GTGGCC.11393,SRhi10006.TGACCA.11265,SRhi10006.GTGGCC.11414,SRhi10007.TGACCA.11266,SRhi10006.AGTCAA.11343,SRhi10008.TGACCA.11243,SRhi10007.AGTCAA.11324,SRhi10007.GTGGCC.11400,SRhi10009.TGACCA.11267,SRhi10008.AGTCAA.11344,SRhi10008.GTGGCC.11416
fibroblast_of_gingiva	SRhi10003.ACAGTG.11237,SRhi10014.AGTCAA.11318,SRhi10013.GTGGCC.11394
mature_alpha-beta_T_cell	SRhi10009.TTAGGC.11225,SRhi10009.CTTGTA.11306,SRhi10010.GTGAAA.11382,SRhi10010.TTAGGC.11226,SRhi10010.CTTGTA.11307,SRhi10011.GTGAAA.11383
smooth_muscle_cell_of_the_pulmonary_artery	SRhi10003.GTCCGC.11288,SRhi10015.GAGTGG.11365,SRhi10011.TAGCTT.11437
mesenchymal_stem_cell_of_umbilical_cord	SRhi10007.CAGATC.11548,SRhi10014.GCCAAT.11214,SRhi10005.CAGATC.11539,SRhi10006.ATGTCA.11619,SRhi10011.GTTTCG.11700,SRhi10008.ATGTCA.11549,SRhi10009.CAGATC.11629
perirenal_adipocyte_cell	SRhi10013.CGATGT.11476
chorionic_membrane_mesenchymal_stem_cell	SRhi10013.TTAGGC.12240
columnar/cuboidal_epithelial_cell	SRhi10014.TTAGGC.11242,SRhi10013.CTTGTA.11323,SRhi10014.GTGAAA.11399,SRhi10014.CCGTCC.11515,SRhi10014.CGTACG.11595,SRhi10006.GATCAG.11676
hair_follicle_dermal_papilla_cell	SRhi10013.ACAGTG.11271,SRhi10007.AGTTCC.11348,SRhi10004.GTTTCG.11420
uterine_smooth_muscle_cell	SRhi10006.GTCCGC.11258,SRhi10002.GGCTAC.11466
tracheal_epithelial_cell	SRhi10006.GGTAGC.11369,SRhi10005.CGATGT.11441
epithelial_cell_of_tracheobronchial_tree	SRhi10007.TTAGGC.11511,SRhi10007.CTTGTA.11591,SRhi10008.GTGAAA.11453,SRhi10006.GGTAGC.11369,SRhi10005.CGATGT.11441
skeletal_muscle_myoblast	SRhi10009.ATGTCA.11241,SRhi10012.GTTTCG.11322,SRhi10010.CAGATC.11398
retinal_pigment_epithelial_cell	SRhi10015.CCGTCC.11215,SRhi10015.CGTACG.11528,SRhi10007.GATCAG.11608
perirenal_preadipocyte	SRhi10011.ACTTGA.11469
pigment_cell	SRhi10010.GCCAAT.11274,SRhi10015.AGTTCC.11351,SRhi10009.GTTTCG.11423,SRhi10015.CCGTCC.11215,SRhi10015.CGTACG.11528,SRhi10007.GATCAG.11608
astrocyte_of_the_cerebellum	SRhi10005.TTAGGC.11500,SRhi10006.GTGAAA.11661
placental_epithelial_cell	SRhi10004.CCGTCC.11278,SRhi10006.CGTACG.11355,SRhi10008.ACTTGA.11427
trabecular_meshwork_cell	SRhi10008.GTCCGC.11532,SRhi10005.GGTAGC.11612
CD8-positive_alpha-beta_T_cell	SRhi10010.TTAGGC.11226,SRhi10010.CTTGTA.11307,SRhi10011.GTGAAA.11383
osteoblast	SRhi10014.ATGTCA.11276,SRhi10003.CGTACG.11353,SRhi10015.CAGATC.11425,SRhi10015.ATGTCA.11277,SRhi10004.CGTACG.11354,SRhi10002.ACTTGA.11426
smooth_muscle_cell	SRhi10009.GTAGAG.11210,SRhi10008.GTAGAG.11283,SRhi10007.GAGTGG.11360,SRhi10010.GTAGAG.11284,SRhi10008.GAGTGG.11361,SRhi10002.TAGCTT.11433,SRhi10011.GTAGAG.11234,SRhi10009.GAGTGG.11315,SRhi10003.TAGCTT.11391,SRhi10004.TAGCTT.11512,SRhi10012.GTAGAG.11285,SRhi10010.GAGTGG.11362,SRhi10013.GTAGAG.11239,SRhi10011.GAGTGG.11320,SRhi10006.TAGCTT.11396,SRhi10014.GTAGAG.11286,SRhi10012.GAGTGG.11363,SRhi10007.TAGCTT.11435,SRhi10008.TAGCTT.11508,SRhi10015.GTAGAG.11287,SRhi10013.GAGTGG.11364,SRhi10009.TAGCTT.11436,SRhi10002.GTCCGC.11257,SRhi10014.GAGTGG.11335,SRhi10010.TAGCTT.11465,SRhi10003.GTCCGC.11288,SRhi10015.GAGTGG.11365,SRhi10011.TAGCTT.11437,SRhi10004.GTCCGC.11289,SRhi10002.GGTAGC.11366,SRhi10012.TAGCTT.11438,SRhi10013.TAGCTT.11513,SRhi10015.TAGCTT.11212,SRhi10005.GTCCGC.11290,SRhi10003.GGTAGC.11367,SRhi10014.TAGCTT.11439,SRhi10006.GTCCGC.11258,SRhi10002.GGCTAC.11466
preadipocyte_of_the_breast	SRhi10007.CGTACG.11328
stuff_accumulating_cell	SRhi10011.CGATGT.11376,SRhi10013.GGCTAC.11327,SRhi10012.CGATGT.11473,SRhi10014.GGCTAC.11474,SRhi10002.GTGAAA.11475,SRhi10013.CGATGT.11476,SRhi10014.CGATGT.11259,SRhi10015.GGCTAC.11336,SRhi10003.GTGAAA.11408,SRhi10064.CAGATC.11857,SRhi10003.GCCAAT.11272,SRhi10010.AGTTCC.11349,SRhi10005.GTTTCG.11421,SRhi10004.GCCAAT.11251,SRhi10006.GCCAAT.11232,SRhi10012.AGTTCC.11313,SRhi10006.GTTTCG.11389,SRhi10010.GCCAAT.11274,SRhi10015.AGTTCC.11351,SRhi10009.GTTTCG.11423,SRhi10015.CCGTCC.11215,SRhi10015.CGTACG.11528,SRhi10007.GATCAG.11608
supportive_cell	SRhi10012.TGACCA.11245,SRhi10011.AGTCAA.11326,SRhi10012.GGTAGC.11401,SRhi10002.CCGTCC.11491,SRhi10004.ACTTGA.11652,SRhi10013.CCGTCC.11518,SRhi10013.CGTACG.11598,SRhi10003.GTAGAG.11255,SRhi10010.GATCAG.11333
bone_cell	SRhi10006.CAGATC.11219,SRhi10003.CAGATC.11536,SRhi10010.GTTTCG.11697,SRhi10013.GGTAGC.11464
human_renal_cortical_epithelial_cell_sample	SRhi10002.GATCAG.11516,SRhi10014.CCGTCC.11515,SRhi10014.CGTACG.11595,SRhi10006.GATCAG.11676
fibroblast_of_villous_mesenchyme	SRhi10010.ACAGTG.11535
general_ecto-epithelial_cell	SRhi10015.TTAGGC.11526,SRhi10014.CTTGTA.11606,SRhi10015.GTGAAA.11687,SRhi10003.GCCAAT.11272,SRhi10010.AGTTCC.11349,SRhi10005.GTTTCG.11421,SRhi10002.GTAGAG.11220,SRhi10002.GAGTGG.11301,SRhi10009.GATCAG.11378
intestinal_epithelial_cell	SRhi10002.GCCAAT.11246
muscle_precursor_cell	SRhi10009.ATGTCA.11241,SRhi10012.GTTTCG.11322,SRhi10010.CAGATC.11398,SRhi10006.GTAGAG.11240,SRhi10005.GAGTGG.11321,SRhi10013.GATCAG.11397
protein_secreting_cell	SRhi10002.GTAGAG.11220,SRhi10002.GAGTGG.11301,SRhi10009.GATCAG.11378,SRhi10003.GTAGAG.11255,SRhi10010.GATCAG.11333
epithelial_cell_of_amnion	SRhi10002.TTAGGC.11533,SRhi10003.CTTGTA.11613,SRhi10005.GTGAAA.11694
Schwann_cell	SRhi10008.GATCAG.11498
multi_fate_stem_cell	SRhi10010.TGACCA.11229,SRhi10009.AGTCAA.11310,SRhi10009.GTGGCC.11386,SRhi10013.ACAGTG.11271,SRhi10007.AGTTCC.11348,SRhi10004.GTTTCG.11420,SRhi10006.CAGATC.11219,SRhi10007.CAGATC.11548,SRhi10012.GCCAAT.11217,SRhi10015.GCCAAT.11537,SRhi10003.ATGTCA.11617,SRhi10002.CAGATC.11547,SRhi10004.ATGTCA.11627,SRhi10003.CAGATC.11536,SRhi10010.GTTTCG.11697,SRhi10013.GGTAGC.11464,SRhi10013.GCCAAT.11218,SRhi10004.CAGATC.11538,SRhi10014.GCCAAT.11214,SRhi10005.CAGATC.11539,SRhi10006.ATGTCA.11619,SRhi10011.GTTTCG.11700,SRhi10008.ATGTCA.11549,SRhi10009.CAGATC.11629,SRhi10014.GTTTCG.11352,SRhi10012.CAGATC.11424,SRhi10003.TTAGGC.12237,SRhi10013.TTAGGC.12240
fibroblast_of_lymphatic_vessel	SRhi10005.ACAGTG.11506,SRhi10002.AGTTCC.11586,SRhi10015.GTGGCC.11667
keratocyte	SRhi10005.GCCAAT.11527,SRhi10011.AGTTCC.11607
cardiocyte	SRhi10013.TGACCA.11268,SRhi10012.AGTCAA.11345,SRhi10011.GTGGCC.11417,SRhi10014.GTAGAG.11286,SRhi10012.GAGTGG.11363,SRhi10007.TAGCTT.11435
mast_cell	SRhi10008.GCCAAT.11487,SRhi10009.GCCAAT.11565,SRhi10014.AGTTCC.11566,SRhi10008.GTTTCG.11567
human_diencephalon_-_adult_sample	SRhi10006.ACTTGA.10160,SRhi10007.ACTTGA.10162
secretory_cell	SRhi10011.TTAGGC.11261,SRhi10011.CTTGTA.11338,SRhi10012.GTGAAA.11410,SRhi10012.TTAGGC.11262,SRhi10012.CTTGTA.11339,SRhi10013.GTGAAA.11411,SRhi10015.ACAGTG.11524,SRhi10009.AGTTCC.11604,SRhi10008.GCCAAT.11487,SRhi10009.GCCAAT.11565,SRhi10014.AGTTCC.11566,SRhi10008.GTTTCG.11567,SRhi10011.GCCAAT.11493,SRhi10002.ATGTCA.11573,SRhi10002.GTAGAG.11220,SRhi10002.GAGTGG.11301,SRhi10009.GATCAG.11378,SRhi10003.GTAGAG.11255,SRhi10010.GATCAG.11333,SRhi10007.GTCCGC.11291,SRhi10004.GGTAGC.11368,SRhi10004.GGCTAC.11440
epithelial_cell_of_prostate	SRhi10009.CCGTCC.11253,SRhi10011.CGTACG.11331,SRhi10014.ACTTGA.11404
hepatic_mesenchymal_stem_cell	SRhi10013.GCCAAT.11218,SRhi10004.CAGATC.11538
precursor_cell	SRhi10008.TTAGGC.11224,SRhi10008.CTTGTA.11305,SRhi10009.GTGAAA.11381,SRhi10010.TGACCA.11229,SRhi10009.AGTCAA.11310,SRhi10009.GTGGCC.11386,SRhi10064.CAGATC.11857,SRhi10002.TGACCA.11227,SRhi10015.CTTGTA.11308,SRhi10002.GTGGCC.11384,SRhi10013.ACAGTG.11271,SRhi10007.AGTTCC.11348,SRhi10004.GTTTCG.11420,SRhi10006.CAGATC.11219,SRhi10007.CAGATC.11548,SRhi10012.GCCAAT.11217,SRhi10015.GCCAAT.11537,SRhi10003.ATGTCA.11617,SRhi10002.CAGATC.11547,SRhi10004.ATGTCA.11627,SRhi10003.CAGATC.11536,SRhi10010.GTTTCG.11697,SRhi10013.GGTAGC.11464,SRhi10013.GCCAAT.11218,SRhi10004.CAGATC.11538,SRhi10014.GCCAAT.11214,SRhi10005.CAGATC.11539,SRhi10006.ATGTCA.11619,SRhi10011.GTTTCG.11700,SRhi10008.ATGTCA.11549,SRhi10009.CAGATC.11629,SRhi10009.ATGTCA.11241,SRhi10012.GTTTCG.11322,SRhi10010.CAGATC.11398,SRhi10014.GTTTCG.11352,SRhi10012.CAGATC.11424,SRhi10014.ATGTCA.11276,SRhi10003.CGTACG.11353,SRhi10015.CAGATC.11425,SRhi10015.ATGTCA.11277,SRhi10004.CGTACG.11354,SRhi10002.ACTTGA.11426,SRhi10006.GTAGAG.11240,SRhi10005.GAGTGG.11321,SRhi10013.GATCAG.11397,SRhi10003.TTAGGC.12237,SRhi10013.TTAGGC.12240
adipocyte_of_breast	SRhi10011.CGATGT.11376,SRhi10013.GGCTAC.11327
urothelial_cell	SRhi10009.GGCTAC.11216,SRhi10013.GTCCGC.11520,SRhi10010.GGTAGC.11600
B_cell	SRhi10066.TAGCTT.11544,SRhi10066.GGCTAC.11624,SRhi10066.CTTGTA.11705,SRhi10084.CCGTCC.4534
human_amniotic_membrane_cell-_Amnion_sample	SRhi10003.TTAGGC.12237
exocrine_cell	SRhi10015.ACAGTG.11524,SRhi10009.AGTTCC.11604,SRhi10002.GTAGAG.11220,SRhi10002.GAGTGG.11301,SRhi10009.GATCAG.11378
extraembryonic_cell	SRhi10002.TTAGGC.11533,SRhi10003.CTTGTA.11613,SRhi10005.GTGAAA.11694,SRhi10010.ACAGTG.11535,SRhi10007.CAGATC.11548,SRhi10002.CAGATC.11547,SRhi10004.ATGTCA.11627,SRhi10014.GCCAAT.11214,SRhi10005.CAGATC.11539,SRhi10006.ATGTCA.11619,SRhi10011.GTTTCG.11700,SRhi10008.ATGTCA.11549,SRhi10009.CAGATC.11629,SRhi10004.CCGTCC.11278,SRhi10006.CGTACG.11355,SRhi10008.ACTTGA.11427,SRhi10003.TTAGGC.12237,SRhi10013.TTAGGC.12240
squamous_epithelial_cell	SRhi10015.TTAGGC.11526,SRhi10014.CTTGTA.11606,SRhi10015.GTGAAA.11687,SRhi10003.TGACCA.11207,SRhi10002.AGTCAA.11263,SRhi10003.GTGGCC.11340,SRhi10011.GGTAGC.11412,SRhi10004.TGACCA.11264,SRhi10003.AGTCAA.11341,SRhi10004.GTGGCC.11413,SRhi10006.TGACCA.11265,SRhi10006.GTGGCC.11414,SRhi10007.TGACCA.11266,SRhi10006.AGTCAA.11343,SRhi10008.TGACCA.11243,SRhi10007.AGTCAA.11324,SRhi10007.GTGGCC.11400,SRhi10009.TGACCA.11267,SRhi10008.AGTCAA.11344,SRhi10008.GTGGCC.11416,SRhi10003.GCCAAT.11272,SRhi10010.AGTTCC.11349,SRhi10005.GTTTCG.11421,SRhi10004.GCCAAT.11251,SRhi10008.CAGATC.11247,SRhi10007.ATGTCA.11402,SRhi10003.GTAGAG.11255,SRhi10010.GATCAG.11333
fibroblast_of_lung	SRhi10004.ACAGTG.11270,SRhi10015.AGTCAA.11347,SRhi10014.GTGGCC.11419
non-terminally_differentiated_cell	SRhi10009.ATGTCA.11241,SRhi10012.GTTTCG.11322,SRhi10010.CAGATC.11398,SRhi10014.ATGTCA.11276,SRhi10003.CGTACG.11353,SRhi10015.CAGATC.11425,SRhi10015.ATGTCA.11277,SRhi10004.CGTACG.11354,SRhi10002.ACTTGA.11426,SRhi10006.GTAGAG.11240,SRhi10005.GAGTGG.11321,SRhi10013.GATCAG.11397
airway_epithelial_cell	SRhi10007.TTAGGC.11511,SRhi10007.CTTGTA.11591,SRhi10008.GTGAAA.11453,SRhi10007.GTAGAG.11256,SRhi10006.GAGTGG.11334,SRhi10014.GGTAGC.11406,SRhi10006.GGTAGC.11369,SRhi10005.CGATGT.11441
smooth_muscle_cell_of_the_brachiocephalic_vasculature	SRhi10010.GTAGAG.11284,SRhi10008.GAGTGG.11361,SRhi10002.TAGCTT.11433
hepatic_stellate_cell	SRhi10015.ACAGTG.11524,SRhi10009.AGTTCC.11604
extracellular_matrix_secreting_cell	SRhi10011.TTAGGC.11261,SRhi10011.CTTGTA.11338,SRhi10012.GTGAAA.11410,SRhi10012.TTAGGC.11262,SRhi10012.CTTGTA.11339,SRhi10013.GTGAAA.11411,SRhi10015.ACAGTG.11524,SRhi10009.AGTTCC.11604,SRhi10011.GCCAAT.11493,SRhi10002.ATGTCA.11573,SRhi10007.GTCCGC.11291,SRhi10004.GGTAGC.11368,SRhi10004.GGCTAC.11440
amnion_mesenchymal_stem_cell	SRhi10002.CAGATC.11547,SRhi10004.ATGTCA.11627,SRhi10003.TTAGGC.12237
vascular_associated_smooth_muscle_cell	SRhi10009.GTAGAG.11210,SRhi10008.GTAGAG.11283,SRhi10007.GAGTGG.11360,SRhi10010.GTAGAG.11284,SRhi10008.GAGTGG.11361,SRhi10002.TAGCTT.11433,SRhi10011.GTAGAG.11234,SRhi10009.GAGTGG.11315,SRhi10003.TAGCTT.11391,SRhi10012.GTAGAG.11285,SRhi10010.GAGTGG.11362,SRhi10014.GTAGAG.11286,SRhi10012.GAGTGG.11363,SRhi10007.TAGCTT.11435,SRhi10015.GTAGAG.11287,SRhi10013.GAGTGG.11364,SRhi10009.TAGCTT.11436,SRhi10003.GTCCGC.11288,SRhi10015.GAGTGG.11365,SRhi10011.TAGCTT.11437,SRhi10004.GTCCGC.11289,SRhi10002.GGTAGC.11366,SRhi10012.TAGCTT.11438,SRhi10015.TAGCTT.11212,SRhi10005.GTCCGC.11290,SRhi10003.GGTAGC.11367,SRhi10014.TAGCTT.11439
aortic_endothelial_cell	SRhi10003.TGACCA.11207,SRhi10002.AGTCAA.11263,SRhi10003.GTGGCC.11340,SRhi10011.GGTAGC.11412,SRhi10007.TGACCA.11266,SRhi10006.AGTCAA.11343
fat_cell	SRhi10011.CGATGT.11376,SRhi10013.GGCTAC.11327,SRhi10012.CGATGT.11473,SRhi10014.GGCTAC.11474,SRhi10002.GTGAAA.11475,SRhi10013.CGATGT.11476,SRhi10014.CGATGT.11259,SRhi10015.GGCTAC.11336,SRhi10003.GTGAAA.11408
neutrophil	SRhi10012.ATGTCA.11233,SRhi10015.GTTTCG.11314,SRhi10013.CAGATC.11390
fibroblast_of_choroid_plexus	SRhi10014.TGACCA.11492
acinar_cell_of_sebaceous_gland	SRhi10002.GTAGAG.11220,SRhi10002.GAGTGG.11301,SRhi10009.GATCAG.11378
fibroblast_of_pulmonary_artery	SRhi10008.ACAGTG.11250
epidermal_cell	SRhi10003.GCCAAT.11272,SRhi10010.AGTTCC.11349,SRhi10005.GTTTCG.11421,SRhi10002.GTAGAG.11220,SRhi10002.GAGTGG.11301,SRhi10009.GATCAG.11378
pericyte_cell	SRhi10002.CCGTCC.11491,SRhi10004.ACTTGA.11652,SRhi10013.CCGTCC.11518,SRhi10013.CGTACG.11598
human_amniotic_membrane_cell-_fetal_sample	SRhi10002.CAGATC.11547,SRhi10004.ATGTCA.11627
myotube	SRhi10004.GTAGAG.11282,SRhi10003.GAGTGG.11359
leptomeningeal_cell	SRhi10011.GCCAAT.11493,SRhi10002.ATGTCA.11573
immature_conventional_dendritic_cell	SRhi10002.TGACCA.11227,SRhi10015.CTTGTA.11308,SRhi10002.GTGGCC.11384
fibroblast_of_cardiac_tissue	SRhi10013.TGACCA.11268,SRhi10012.AGTCAA.11345,SRhi10011.GTGGCC.11417
epithelial_cell_of_alimentary_canal	SRhi10011.TGACCA.11507,SRhi10010.AGTCAA.11587,SRhi10011.ACAGTG.11302,SRhi10006.AGTTCC.11379,SRhi10002.GCCAAT.11246,SRhi10004.GCCAAT.11251
Sertoli_cell	SRhi10003.GTAGAG.11255,SRhi10010.GATCAG.11333
renal_cortical_epithelial_cell	SRhi10002.GATCAG.11516,SRhi10012.CCGTCC.11514,SRhi10004.GATCAG.11594,SRhi10014.CCGTCC.11515,SRhi10014.CGTACG.11595,SRhi10006.GATCAG.11676
capillary_endothelial_cell	SRhi10006.TGACCA.11265,SRhi10006.GTGGCC.11414
epithelial_cell_of_proximal_tubule	SRhi10014.CCGTCC.11515,SRhi10014.CGTACG.11595,SRhi10006.GATCAG.11676
central_nervous_system_pericyte	SRhi10002.CCGTCC.11491,SRhi10004.ACTTGA.11652
chondrocyte	SRhi10011.TTAGGC.11261,SRhi10011.CTTGTA.11338,SRhi10012.GTGAAA.11410,SRhi10012.TTAGGC.11262,SRhi10012.CTTGTA.11339,SRhi10013.GTGAAA.11411
hepatocyte	SRhi10066.AGTCAA.11523,SRhi10066.AGTTCC.11603,SRhi10066.ATGTCA.11684
preadipocyte	SRhi10007.CGTACG.11328,SRhi10006.CCGTCC.11468,SRhi10008.CGTACG.11329,SRhi10010.ACTTGA.11403,SRhi10011.ACTTGA.11469,SRhi10007.CCGTCC.11279,SRhi10009.CGTACG.11356,SRhi10012.ACTTGA.11428,SRhi10008.CCGTCC.11280,SRhi10010.CGTACG.11357,SRhi10013.ACTTGA.11429
corneal_epithelial_cell	SRhi10015.TTAGGC.11526,SRhi10014.CTTGTA.11606,SRhi10015.GTGAAA.11687
light_melanocyte	SRhi10010.GCCAAT.11274,SRhi10015.AGTTCC.11351,SRhi10009.GTTTCG.11423
human_CD14-positive_monocyte_sample	SRhi10008.TTAGGC.11224,SRhi10008.CTTGTA.11305,SRhi10009.GTGAAA.11381
non-pigmented_ciliary_epithelial_cell	SRhi10014.TTAGGC.11242,SRhi10013.CTTGTA.11323,SRhi10014.GTGAAA.11399
phagocyte	SRhi10064.CAGATC.11857,SRhi10006.GCCAAT.11232,SRhi10012.AGTTCC.11313,SRhi10006.GTTTCG.11389
mesenchymal_stem_cell	SRhi10010.TGACCA.11229,SRhi10009.AGTCAA.11310,SRhi10009.GTGGCC.11386,SRhi10013.ACAGTG.11271,SRhi10007.AGTTCC.11348,SRhi10004.GTTTCG.11420,SRhi10006.CAGATC.11219,SRhi10007.CAGATC.11548,SRhi10012.GCCAAT.11217,SRhi10015.GCCAAT.11537,SRhi10003.ATGTCA.11617,SRhi10002.CAGATC.11547,SRhi10004.ATGTCA.11627,SRhi10003.CAGATC.11536,SRhi10010.GTTTCG.11697,SRhi10013.GGTAGC.11464,SRhi10013.GCCAAT.11218,SRhi10004.CAGATC.11538,SRhi10014.GCCAAT.11214,SRhi10005.CAGATC.11539,SRhi10006.ATGTCA.11619,SRhi10011.GTTTCG.11700,SRhi10008.ATGTCA.11549,SRhi10009.CAGATC.11629,SRhi10003.TTAGGC.12237,SRhi10013.TTAGGC.12240
human_pineal_gland_-_adult_sample	SRhi10006.ACTTGA.10160
omentum_preadipocyte	SRhi10006.CCGTCC.11468,SRhi10008.CGTACG.11329,SRhi10010.ACTTGA.11403
human_chondrocyte_re-differentiated_sample	SRhi10012.TTAGGC.11262,SRhi10012.CTTGTA.11339,SRhi10013.GTGAAA.11411
smooth_muscle_cell_sample	SRhi10009.GTAGAG.11210,SRhi10008.GTAGAG.11283,SRhi10007.GAGTGG.11360,SRhi10010.GTAGAG.11284,SRhi10008.GAGTGG.11361,SRhi10002.TAGCTT.11433,SRhi10011.GTAGAG.11234,SRhi10009.GAGTGG.11315,SRhi10003.TAGCTT.11391,SRhi10012.GTAGAG.11285,SRhi10010.GAGTGG.11362,SRhi10014.GTAGAG.11286,SRhi10012.GAGTGG.11363,SRhi10007.TAGCTT.11435,SRhi10008.TAGCTT.11508,SRhi10015.GTAGAG.11287,SRhi10013.GAGTGG.11364,SRhi10009.TAGCTT.11436,SRhi10002.GTCCGC.11257,SRhi10014.GAGTGG.11335,SRhi10010.TAGCTT.11465,SRhi10003.GTCCGC.11288,SRhi10015.GAGTGG.11365,SRhi10011.TAGCTT.11437,SRhi10004.GTCCGC.11289,SRhi10002.GGTAGC.11366,SRhi10012.TAGCTT.11438,SRhi10013.TAGCTT.11513,SRhi10005.GTCCGC.11290,SRhi10006.GTCCGC.11258,SRhi10002.GGCTAC.11466
human_chondrocyte_de-differentiated_sample	SRhi10011.TTAGGC.11261,SRhi10011.CTTGTA.11338,SRhi10012.GTGAAA.11410
smooth_muscle_cell_of_the_internal_thoracic_artery	SRhi10015.GTAGAG.11287,SRhi10013.GAGTGG.11364,SRhi10009.TAGCTT.11436
glial_cell_(sensu_Vertebrata)	SRhi10005.TTAGGC.11500,SRhi10006.GTGAAA.11661,SRhi10006.TTAGGC.11235,SRhi10006.CTTGTA.11316,SRhi10007.GTGAAA.11392,SRhi10008.GATCAG.11498
mononuclear_cell	SRhi10003.CCGTCC.11231,SRhi10005.CGTACG.11312,SRhi10005.ACTTGA.11388
stromal_cell_of_pancreas	SRhi10003.ACTTGA.11249
smooth_muscle_cell_of_the_subclavian_artery	SRhi10015.GTAGAG.11287,SRhi10013.GAGTGG.11364,SRhi10009.TAGCTT.11436,SRhi10004.GTCCGC.11289,SRhi10002.GGTAGC.11366,SRhi10012.TAGCTT.11438
pluripotent_stem_cell	SRhi10037.AGTTCC.3902,SRhi10037.CGTACG.3903,SRhi10037.GGTAGC.3904,SRhi10043.GTGAAA.4080_4081,SRhi10043.GTTTCG.4084,SRhi10043.GTAGAG.4082_4083
nucleus_pulposus_cell_of_intervertebral_disc	SRhi10013.ATGTCA.11252,SRhi10014.CAGATC.11462
mesenchymal_stem_cell_of_Whartons_jelly	SRhi10007.CAGATC.11548
smooth_muscle_cell_of_the_umbilical_artery	SRhi10015.TAGCTT.11212,SRhi10005.GTCCGC.11290,SRhi10003.GGTAGC.11367,SRhi10014.TAGCTT.11439
endothelial_cell_of_hepatic_sinusoid	SRhi10014.ACAGTG.11521,SRhi10008.AGTTCC.11601
stromal_cell	SRhi10011.TTAGGC.11261,SRhi10011.CTTGTA.11338,SRhi10012.GTGAAA.11410,SRhi10012.TTAGGC.11262,SRhi10012.CTTGTA.11339,SRhi10013.GTGAAA.11411,SRhi10015.ACAGTG.11524,SRhi10009.AGTTCC.11604,SRhi10011.GCCAAT.11493,SRhi10002.ATGTCA.11573,SRhi10003.ACTTGA.11249,SRhi10010.CCGTCC.11254,SRhi10012.CGTACG.11332,SRhi10003.CGATGT.11405,SRhi10007.GTCCGC.11291,SRhi10004.GGTAGC.11368,SRhi10004.GGCTAC.11440
keratinized_cell_of_the_oral_mucosa	SRhi10004.GCCAAT.11251
fibroblast	SRhi10012.TGACCA.11245,SRhi10011.AGTCAA.11326,SRhi10012.GGTAGC.11401,SRhi10013.TGACCA.11268,SRhi10012.AGTCAA.11345,SRhi10011.GTGGCC.11417,SRhi10014.TGACCA.11492,SRhi10015.TGACCA.11531,SRhi10002.ACAGTG.11269,SRhi10013.AGTCAA.11346,SRhi10012.GTGGCC.11418,SRhi10003.ACAGTG.11237,SRhi10014.AGTCAA.11318,SRhi10013.GTGGCC.11394,SRhi10004.ACAGTG.11270,SRhi10015.AGTCAA.11347,SRhi10014.GTGGCC.11419,SRhi10005.ACAGTG.11506,SRhi10002.AGTTCC.11586,SRhi10015.GTGGCC.11667,SRhi10006.ACAGTG.11540,SRhi10003.AGTTCC.11620,SRhi10002.GTTTCG.11701,SRhi10007.ACAGTG.11238,SRhi10004.AGTTCC.11319,SRhi10003.GTTTCG.11395,SRhi10008.ACAGTG.11250,SRhi10010.ACAGTG.11535,SRhi10015.ACAGTG.11524,SRhi10009.AGTTCC.11604,SRhi10005.GCCAAT.11527,SRhi10011.AGTTCC.11607,SRhi10007.CGTACG.11328,SRhi10006.CCGTCC.11468,SRhi10008.CGTACG.11329,SRhi10010.ACTTGA.11403,SRhi10011.ACTTGA.11469,SRhi10007.CCGTCC.11279,SRhi10009.CGTACG.11356,SRhi10012.ACTTGA.11428,SRhi10008.CCGTCC.11280,SRhi10010.CGTACG.11357,SRhi10013.ACTTGA.11429,SRhi10042.GAGTGG.3952_3953
fibroblast_of_the_conjunctiva	SRhi10015.TGACCA.11531
epithelial_cell	SRhi10015.CGATGT.11510,SRhi10002.CTTGTA.11590,SRhi10004.GTGAAA.11671,SRhi10002.TTAGGC.11533,SRhi10003.CTTGTA.11613,SRhi10005.GTGAAA.11694,SRhi10007.TTAGGC.11511,SRhi10007.CTTGTA.11591,SRhi10008.GTGAAA.11453,SRhi10014.TTAGGC.11242,SRhi10013.CTTGTA.11323,SRhi10014.GTGAAA.11399,SRhi10015.TTAGGC.11526,SRhi10014.CTTGTA.11606,SRhi10015.GTGAAA.11687,SRhi10003.TGACCA.11207,SRhi10002.AGTCAA.11263,SRhi10003.GTGGCC.11340,SRhi10011.GGTAGC.11412,SRhi10004.TGACCA.11264,SRhi10003.AGTCAA.11341,SRhi10004.GTGGCC.11413,SRhi10005.TGACCA.11236,SRhi10004.AGTCAA.11317,SRhi10005.GTGGCC.11393,SRhi10006.TGACCA.11265,SRhi10006.GTGGCC.11414,SRhi10007.TGACCA.11266,SRhi10006.AGTCAA.11343,SRhi10008.TGACCA.11243,SRhi10007.AGTCAA.11324,SRhi10007.GTGGCC.11400,SRhi10009.TGACCA.11267,SRhi10008.AGTCAA.11344,SRhi10008.GTGGCC.11416,SRhi10011.TGACCA.11507,SRhi10010.AGTCAA.11587,SRhi10011.ACAGTG.11302,SRhi10006.AGTTCC.11379,SRhi10014.ACAGTG.11521,SRhi10008.AGTTCC.11601,SRhi10066.AGTCAA.11523,SRhi10066.AGTTCC.11603,SRhi10066.ATGTCA.11684,SRhi10002.GCCAAT.11246,SRhi10003.GCCAAT.11272,SRhi10010.AGTTCC.11349,SRhi10005.GTTTCG.11421,SRhi10004.GCCAAT.11251,SRhi10007.GCCAAT.11273,SRhi10013.AGTTCC.11350,SRhi10007.GTTTCG.11422,SRhi10008.CAGATC.11247,SRhi10007.ATGTCA.11402,SRhi10004.CCGTCC.11278,SRhi10006.CGTACG.11355,SRhi10008.ACTTGA.11427,SRhi10009.CCGTCC.11253,SRhi10011.CGTACG.11331,SRhi10014.ACTTGA.11404,SRhi10002.GATCAG.11516,SRhi10011.CCGTCC.11517,SRhi10003.GATCAG.11597,SRhi10012.CCGTCC.11514,SRhi10004.GATCAG.11594,SRhi10014.CCGTCC.11515,SRhi10014.CGTACG.11595,SRhi10006.GATCAG.11676,SRhi10015.CCGTCC.11215,SRhi10015.CGTACG.11528,SRhi10007.GATCAG.11608,SRhi10002.GTAGAG.11220,SRhi10002.GAGTGG.11301,SRhi10009.GATCAG.11378,SRhi10003.GTAGAG.11255,SRhi10010.GATCAG.11333,SRhi10007.GTAGAG.11256,SRhi10006.GAGTGG.11334,SRhi10014.GGTAGC.11406,SRhi10007.GTCCGC.11291,SRhi10004.GGTAGC.11368,SRhi10004.GGCTAC.11440,SRhi10008.GTCCGC.11532,SRhi10005.GGTAGC.11612,SRhi10006.GGTAGC.11369,SRhi10005.CGATGT.11441,SRhi10009.GGCTAC.11216,SRhi10013.GTCCGC.11520,SRhi10010.GGTAGC.11600
smooth_muscle_cell_of_the_esophagus	SRhi10008.TAGCTT.11508
visceral_preadipocyte	SRhi10008.CCGTCC.11280,SRhi10010.CGTACG.11357,SRhi10013.ACTTGA.11429
subcutaneous_preadipocyte	SRhi10007.CCGTCC.11279,SRhi10009.CGTACG.11356,SRhi10012.ACTTGA.11428
human_spinal_cord_-_adult_sample	SRhi10003.GGCTAC.10159
smooth_muscle_cell_of_trachea	SRhi10013.TAGCTT.11513
fibroblast_of_the_aortic_adventitia	SRhi10012.TGACCA.11245,SRhi10011.AGTCAA.11326,SRhi10012.GGTAGC.11401
adipocyte_of_omentum_tissue	SRhi10012.CGATGT.11473,SRhi10014.GGCTAC.11474,SRhi10002.GTGAAA.11475
smooth_muscle_cell_of_colon	SRhi10013.GTAGAG.11239,SRhi10011.GAGTGG.11320,SRhi10006.TAGCTT.11396
mesangial_cell	SRhi10013.CCGTCC.11518,SRhi10013.CGTACG.11598
vein_endothelial_cell	SRhi10008.TGACCA.11243,SRhi10007.AGTCAA.11324,SRhi10007.GTGGCC.11400,SRhi10009.TGACCA.11267,SRhi10008.AGTCAA.11344,SRhi10008.GTGGCC.11416
mast_cell-_heparinase_treated_sample	SRhi10009.GCCAAT.11565,SRhi10014.AGTTCC.11566,SRhi10008.GTTTCG.11567
pneumocyte	SRhi10015.CGATGT.11510,SRhi10002.CTTGTA.11590,SRhi10004.GTGAAA.11671
meso-epithelial_cell	SRhi10003.TGACCA.11207,SRhi10002.AGTCAA.11263,SRhi10003.GTGGCC.11340,SRhi10011.GGTAGC.11412,SRhi10004.TGACCA.11264,SRhi10003.AGTCAA.11341,SRhi10004.GTGGCC.11413,SRhi10005.TGACCA.11236,SRhi10004.AGTCAA.11317,SRhi10005.GTGGCC.11393,SRhi10006.TGACCA.11265,SRhi10006.GTGGCC.11414,SRhi10007.TGACCA.11266,SRhi10006.AGTCAA.11343,SRhi10008.TGACCA.11243,SRhi10007.AGTCAA.11324,SRhi10007.GTGGCC.11400,SRhi10009.TGACCA.11267,SRhi10008.AGTCAA.11344,SRhi10008.GTGGCC.11416,SRhi10014.ACAGTG.11521,SRhi10008.AGTTCC.11601,SRhi10012.CCGTCC.11514,SRhi10004.GATCAG.11594,SRhi10014.CCGTCC.11515,SRhi10014.CGTACG.11595,SRhi10006.GATCAG.11676,SRhi10007.GTCCGC.11291,SRhi10004.GGTAGC.11368,SRhi10004.GGCTAC.11440,SRhi10008.GTCCGC.11532,SRhi10005.GGTAGC.11612
nongranular_leukocyte	SRhi10008.TTAGGC.11224,SRhi10008.CTTGTA.11305,SRhi10009.GTGAAA.11381,SRhi10010.TGACCA.11229,SRhi10009.AGTCAA.11310,SRhi10009.GTGGCC.11386,SRhi10064.CAGATC.11857,SRhi10066.TAGCTT.11544,SRhi10066.GGCTAC.11624,SRhi10066.CTTGTA.11705,SRhi10009.TTAGGC.11225,SRhi10009.CTTGTA.11306,SRhi10010.GTGAAA.11382,SRhi10010.TTAGGC.11226,SRhi10010.CTTGTA.11307,SRhi10011.GTGAAA.11383,SRhi10002.TGACCA.11227,SRhi10015.CTTGTA.11308,SRhi10002.GTGGCC.11384,SRhi10010.ATGTCA.11230,SRhi10013.GTTTCG.11311,SRhi10011.CAGATC.11387,SRhi10003.CCGTCC.11231,SRhi10005.CGTACG.11312,SRhi10005.ACTTGA.11388,SRhi10084.CCGTCC.4534,SRhi10042.AGTCAA.3997
aortic_smooth_muscle_cell	SRhi10009.GTAGAG.11210,SRhi10008.GTAGAG.11283,SRhi10007.GAGTGG.11360
glomerular_endothelial_cell	SRhi10012.CCGTCC.11514,SRhi10004.GATCAG.11594
smooth_muscle_cell_of_the_brain_vasculature	SRhi10011.GTAGAG.11234,SRhi10009.GAGTGG.11315,SRhi10003.TAGCTT.11391
endo-epithelial_cell	SRhi10007.TTAGGC.11511,SRhi10007.CTTGTA.11591,SRhi10008.GTGAAA.11453,SRhi10011.TGACCA.11507,SRhi10010.AGTCAA.11587,SRhi10011.ACAGTG.11302,SRhi10006.AGTTCC.11379,SRhi10002.GCCAAT.11246,SRhi10004.GCCAAT.11251,SRhi10009.CCGTCC.11253,SRhi10011.CGTACG.11331,SRhi10014.ACTTGA.11404,SRhi10007.GTAGAG.11256,SRhi10006.GAGTGG.11334,SRhi10014.GGTAGC.11406,SRhi10006.GGTAGC.11369,SRhi10005.CGATGT.11441
connective_tissue_cell	SRhi10011.CGATGT.11376,SRhi10013.GGCTAC.11327,SRhi10012.CGATGT.11473,SRhi10014.GGCTAC.11474,SRhi10002.GTGAAA.11475,SRhi10013.CGATGT.11476,SRhi10014.CGATGT.11259,SRhi10015.GGCTAC.11336,SRhi10003.GTGAAA.11408,SRhi10004.TTAGGC.11248,SRhi10004.CTTGTA.11463,SRhi10010.TGACCA.11229,SRhi10009.AGTCAA.11310,SRhi10009.GTGGCC.11386,SRhi10011.TTAGGC.11261,SRhi10011.CTTGTA.11338,SRhi10012.GTGAAA.11410,SRhi10012.TTAGGC.11262,SRhi10012.CTTGTA.11339,SRhi10013.GTGAAA.11411,SRhi10012.TGACCA.11245,SRhi10011.AGTCAA.11326,SRhi10012.GGTAGC.11401,SRhi10013.TGACCA.11268,SRhi10012.AGTCAA.11345,SRhi10011.GTGGCC.11417,SRhi10014.TGACCA.11492,SRhi10015.TGACCA.11531,SRhi10002.ACAGTG.11269,SRhi10013.AGTCAA.11346,SRhi10012.GTGGCC.11418,SRhi10003.ACAGTG.11237,SRhi10014.AGTCAA.11318,SRhi10013.GTGGCC.11394,SRhi10004.ACAGTG.11270,SRhi10015.AGTCAA.11347,SRhi10014.GTGGCC.11419,SRhi10005.ACAGTG.11506,SRhi10002.AGTTCC.11586,SRhi10015.GTGGCC.11667,SRhi10006.ACAGTG.11540,SRhi10003.AGTTCC.11620,SRhi10002.GTTTCG.11701,SRhi10007.ACAGTG.11238,SRhi10004.AGTTCC.11319,SRhi10003.GTTTCG.11395,SRhi10008.ACAGTG.11250,SRhi10010.ACAGTG.11535,SRhi10013.ACAGTG.11271,SRhi10007.AGTTCC.11348,SRhi10004.GTTTCG.11420,SRhi10015.ACAGTG.11524,SRhi10009.AGTTCC.11604,SRhi10005.GCCAAT.11527,SRhi10011.AGTTCC.11607,SRhi10011.GCCAAT.11493,SRhi10002.ATGTCA.11573,SRhi10006.CAGATC.11219,SRhi10007.CAGATC.11548,SRhi10012.GCCAAT.11217,SRhi10015.GCCAAT.11537,SRhi10003.ATGTCA.11617,SRhi10002.CAGATC.11547,SRhi10004.ATGTCA.11627,SRhi10003.CAGATC.11536,SRhi10010.GTTTCG.11697,SRhi10013.GGTAGC.11464,SRhi10013.GCCAAT.11218,SRhi10004.CAGATC.11538,SRhi10014.GCCAAT.11214,SRhi10005.CAGATC.11539,SRhi10006.ATGTCA.11619,SRhi10011.GTTTCG.11700,SRhi10008.ATGTCA.11549,SRhi10009.CAGATC.11629,SRhi10013.ATGTCA.11252,SRhi10014.CAGATC.11462,SRhi10014.ATGTCA.11276,SRhi10003.CGTACG.11353,SRhi10015.CAGATC.11425,SRhi10015.ATGTCA.11277,SRhi10004.CGTACG.11354,SRhi10002.ACTTGA.11426,SRhi10003.ACTTGA.11249,SRhi10002.CCGTCC.11491,SRhi10004.ACTTGA.11652,SRhi10007.CGTACG.11328,SRhi10006.CCGTCC.11468,SRhi10008.CGTACG.11329,SRhi10010.ACTTGA.11403,SRhi10011.ACTTGA.11469,SRhi10007.CCGTCC.11279,SRhi10009.CGTACG.11356,SRhi10012.ACTTGA.11428,SRhi10008.CCGTCC.11280,SRhi10010.CGTACG.11357,SRhi10013.ACTTGA.11429,SRhi10010.CCGTCC.11254,SRhi10012.CGTACG.11332,SRhi10003.CGATGT.11405,SRhi10013.CCGTCC.11518,SRhi10013.CGTACG.11598,SRhi10007.GTCCGC.11291,SRhi10004.GGTAGC.11368,SRhi10004.GGCTAC.11440,SRhi10003.TTAGGC.12237,SRhi10013.TTAGGC.12240,SRhi10042.GAGTGG.3952_3953
fibroblast_of_dermis	SRhi10002.ACAGTG.11269,SRhi10013.AGTCAA.11346,SRhi10012.GTGGCC.11418,SRhi10042.GAGTGG.3952_3953
mast_cell-_stimulated_sample	SRhi10008.GCCAAT.11487
human_pituitary_gland_-_adult_sample	SRhi10007.ACTTGA.10162
gingival_epithelial_cell	SRhi10011.ACAGTG.11302,SRhi10006.AGTTCC.11379
epithelial_cell_of_nephron	SRhi10002.GATCAG.11516,SRhi10011.CCGTCC.11517,SRhi10003.GATCAG.11597,SRhi10012.CCGTCC.11514,SRhi10004.GATCAG.11594,SRhi10014.CCGTCC.11515,SRhi10014.CGTACG.11595,SRhi10006.GATCAG.11676
neural_cell	SRhi10005.TTAGGC.11500,SRhi10006.GTGAAA.11661,SRhi10006.TTAGGC.11235,SRhi10006.CTTGTA.11316,SRhi10007.GTGAAA.11392,SRhi10014.TGACCA.11492,SRhi10011.GCCAAT.11493,SRhi10002.ATGTCA.11573,SRhi10014.GTTTCG.11352,SRhi10012.CAGATC.11424,SRhi10002.CCGTCC.11491,SRhi10004.ACTTGA.11652,SRhi10015.CCGTCC.11215,SRhi10015.CGTACG.11528,SRhi10007.GATCAG.11608,SRhi10008.GATCAG.11498,SRhi10011.GTAGAG.11234,SRhi10009.GAGTGG.11315,SRhi10003.TAGCTT.11391
iPS	SRhi10043.GTGAAA.4080_4081,SRhi10043.GTTTCG.4084,SRhi10043.GTAGAG.4082_4083
brain_macroglial_cell	SRhi10005.TTAGGC.11500,SRhi10006.GTGAAA.11661,SRhi10006.TTAGGC.11235,SRhi10006.CTTGTA.11316,SRhi10007.GTGAAA.11392
subcutaneous_fat_cell	SRhi10014.CGATGT.11259,SRhi10015.GGCTAC.11336,SRhi10003.GTGAAA.11408
CD4-positive_alpha-beta_T_cell	SRhi10009.TTAGGC.11225,SRhi10009.CTTGTA.11306,SRhi10010.GTGAAA.11382
natural_killer_cell	SRhi10010.ATGTCA.11230,SRhi10013.GTTTCG.11311,SRhi10011.CAGATC.11387
neuronal_stem_cell	SRhi10014.GTTTCG.11352,SRhi10012.CAGATC.11424
cell_of_skeletal_muscle	SRhi10005.GTAGAG.11281,SRhi10004.GAGTGG.11358,SRhi10012.GATCAG.11430,SRhi10006.GTAGAG.11240,SRhi10005.GAGTGG.11321,SRhi10013.GATCAG.11397,SRhi10004.GTAGAG.11282,SRhi10003.GAGTGG.11359
vertebral_mesenchymal_stem_cell	SRhi10006.CAGATC.11219
leukocyte	SRhi10008.TTAGGC.11224,SRhi10008.CTTGTA.11305,SRhi10009.GTGAAA.11381,SRhi10010.TGACCA.11229,SRhi10009.AGTCAA.11310,SRhi10009.GTGGCC.11386,SRhi10064.CAGATC.11857,SRhi10066.TAGCTT.11544,SRhi10066.GGCTAC.11624,SRhi10066.CTTGTA.11705,SRhi10009.TTAGGC.11225,SRhi10009.CTTGTA.11306,SRhi10010.GTGAAA.11382,SRhi10010.TTAGGC.11226,SRhi10010.CTTGTA.11307,SRhi10011.GTGAAA.11383,SRhi10002.TGACCA.11227,SRhi10015.CTTGTA.11308,SRhi10002.GTGGCC.11384,SRhi10006.GCCAAT.11232,SRhi10012.AGTTCC.11313,SRhi10006.GTTTCG.11389,SRhi10008.GCCAAT.11487,SRhi10009.GCCAAT.11565,SRhi10014.AGTTCC.11566,SRhi10008.GTTTCG.11567,SRhi10010.ATGTCA.11230,SRhi10013.GTTTCG.11311,SRhi10011.CAGATC.11387,SRhi10012.ATGTCA.11233,SRhi10015.GTTTCG.11314,SRhi10013.CAGATC.11390,SRhi10003.CCGTCC.11231,SRhi10005.CGTACG.11312,SRhi10005.ACTTGA.11388,SRhi10084.CCGTCC.4534,SRhi10042.AGTCAA.3997
nephron_tubule_epithelial_cell	SRhi10002.GATCAG.11516,SRhi10011.CCGTCC.11517,SRhi10003.GATCAG.11597,SRhi10014.CCGTCC.11515,SRhi10014.CGTACG.11595,SRhi10006.GATCAG.11676
skeletal_muscle_satellite_cell	SRhi10006.GTAGAG.11240,SRhi10005.GAGTGG.11321,SRhi10013.GATCAG.11397
bronchial_smooth_muscle_cell	SRhi10004.TAGCTT.11512
GAG_secreting_cell	SRhi10011.TTAGGC.11261,SRhi10011.CTTGTA.11338,SRhi10012.GTGAAA.11410,SRhi10012.TTAGGC.11262,SRhi10012.CTTGTA.11339,SRhi10013.GTGAAA.11411,SRhi10007.GTCCGC.11291,SRhi10004.GGTAGC.11368,SRhi10004.GGCTAC.11440
myeloid_leukocyte	SRhi10008.TTAGGC.11224,SRhi10008.CTTGTA.11305,SRhi10009.GTGAAA.11381,SRhi10010.TGACCA.11229,SRhi10009.AGTCAA.11310,SRhi10009.GTGGCC.11386,SRhi10064.CAGATC.11857,SRhi10002.TGACCA.11227,SRhi10015.CTTGTA.11308,SRhi10002.GTGGCC.11384,SRhi10006.GCCAAT.11232,SRhi10012.AGTTCC.11313,SRhi10006.GTTTCG.11389,SRhi10008.GCCAAT.11487,SRhi10009.GCCAAT.11565,SRhi10014.AGTTCC.11566,SRhi10008.GTTTCG.11567,SRhi10012.ATGTCA.11233,SRhi10015.GTTTCG.11314,SRhi10013.CAGATC.11390
ecto-epithelial_cell	SRhi10014.TTAGGC.11242,SRhi10013.CTTGTA.11323,SRhi10014.GTGAAA.11399,SRhi10015.TTAGGC.11526,SRhi10014.CTTGTA.11606,SRhi10015.GTGAAA.11687,SRhi10003.GCCAAT.11272,SRhi10010.AGTTCC.11349,SRhi10005.GTTTCG.11421,SRhi10004.GCCAAT.11251,SRhi10002.GTAGAG.11220,SRhi10002.GAGTGG.11301,SRhi10009.GATCAG.11378
fibroblast_of_mammary_gland	SRhi10006.ACAGTG.11540,SRhi10003.AGTTCC.11620,SRhi10002.GTTTCG.11701
astrocyte_of_the_cerebral_cortex	SRhi10006.TTAGGC.11235,SRhi10006.CTTGTA.11316,SRhi10007.GTGAAA.11392
lining_cell	SRhi10003.TGACCA.11207,SRhi10002.AGTCAA.11263,SRhi10003.GTGGCC.11340,SRhi10011.GGTAGC.11412,SRhi10004.TGACCA.11264,SRhi10003.AGTCAA.11341,SRhi10004.GTGGCC.11413,SRhi10005.TGACCA.11236,SRhi10004.AGTCAA.11317,SRhi10005.GTGGCC.11393,SRhi10006.TGACCA.11265,SRhi10006.GTGGCC.11414,SRhi10007.TGACCA.11266,SRhi10006.AGTCAA.11343,SRhi10008.TGACCA.11243,SRhi10007.AGTCAA.11324,SRhi10007.GTGGCC.11400,SRhi10009.TGACCA.11267,SRhi10008.AGTCAA.11344,SRhi10008.GTGGCC.11416,SRhi10014.ACAGTG.11521,SRhi10008.AGTTCC.11601,SRhi10008.CAGATC.11247,SRhi10007.ATGTCA.11402,SRhi10012.CCGTCC.11514,SRhi10004.GATCAG.11594,SRhi10003.GTAGAG.11255,SRhi10010.GATCAG.11333,SRhi10007.GTCCGC.11291,SRhi10004.GGTAGC.11368,SRhi10004.GGCTAC.11440,SRhi10008.GTCCGC.11532,SRhi10005.GGTAGC.11612
prostate_stromal_cell	SRhi10010.CCGTCC.11254,SRhi10012.CGTACG.11332,SRhi10003.CGATGT.11405
CD14-positive_CD16-negative_classical_monocyte	SRhi10064.CAGATC.11857
contractile_cell	SRhi10002.CCGTCC.11491,SRhi10004.ACTTGA.11652,SRhi10013.CCGTCC.11518,SRhi10013.CGTACG.11598,SRhi10004.GTAGAG.11282,SRhi10003.GAGTGG.11359,SRhi10009.GTAGAG.11210,SRhi10008.GTAGAG.11283,SRhi10007.GAGTGG.11360,SRhi10010.GTAGAG.11284,SRhi10008.GAGTGG.11361,SRhi10002.TAGCTT.11433,SRhi10011.GTAGAG.11234,SRhi10009.GAGTGG.11315,SRhi10003.TAGCTT.11391,SRhi10004.TAGCTT.11512,SRhi10012.GTAGAG.11285,SRhi10010.GAGTGG.11362,SRhi10013.GTAGAG.11239,SRhi10011.GAGTGG.11320,SRhi10006.TAGCTT.11396,SRhi10014.GTAGAG.11286,SRhi10012.GAGTGG.11363,SRhi10007.TAGCTT.11435,SRhi10008.TAGCTT.11508,SRhi10015.GTAGAG.11287,SRhi10013.GAGTGG.11364,SRhi10009.TAGCTT.11436,SRhi10002.GTCCGC.11257,SRhi10014.GAGTGG.11335,SRhi10010.TAGCTT.11465,SRhi10003.GTCCGC.11288,SRhi10015.GAGTGG.11365,SRhi10011.TAGCTT.11437,SRhi10004.GTCCGC.11289,SRhi10002.GGTAGC.11366,SRhi10012.TAGCTT.11438,SRhi10013.TAGCTT.11513,SRhi10015.TAGCTT.11212,SRhi10005.GTCCGC.11290,SRhi10003.GGTAGC.11367,SRhi10014.TAGCTT.11439,SRhi10006.GTCCGC.11258,SRhi10002.GGCTAC.11466
adult_endothelial_progenitor_cell	SRhi10010.TGACCA.11229,SRhi10009.AGTCAA.11310,SRhi10009.GTGGCC.11386
monocyte	SRhi10008.TTAGGC.11224,SRhi10008.CTTGTA.11305,SRhi10009.GTGAAA.11381,SRhi10010.TGACCA.11229,SRhi10009.AGTCAA.11310,SRhi10009.GTGGCC.11386,SRhi10064.CAGATC.11857,SRhi10002.TGACCA.11227,SRhi10015.CTTGTA.11308,SRhi10002.GTGGCC.11384
smooth_muscle_cell_of_the_coronary_artery	SRhi10014.GTAGAG.11286,SRhi10012.GAGTGG.11363,SRhi10007.TAGCTT.11435
human_mesenchymal_stem_cell_of_umbilical_cord-Sciencell_sample	SRhi10007.CAGATC.11548,SRhi10014.GCCAAT.11214,SRhi10005.CAGATC.11539,SRhi10006.ATGTCA.11619,SRhi10011.GTTTCG.11700
endothelial_cell_of_artery	SRhi10003.TGACCA.11207,SRhi10002.AGTCAA.11263,SRhi10003.GTGGCC.11340,SRhi10011.GGTAGC.11412,SRhi10004.TGACCA.11264,SRhi10003.AGTCAA.11341,SRhi10004.GTGGCC.11413,SRhi10007.TGACCA.11266,SRhi10006.AGTCAA.11343
bronchial_epithelial_cell	SRhi10007.TTAGGC.11511,SRhi10007.CTTGTA.11591,SRhi10008.GTGAAA.11453
mesenchymal_stem_cell_of_the_bone_marrow	SRhi10003.CAGATC.11536,SRhi10010.GTTTCG.11697,SRhi10013.GGTAGC.11464
blood_vessel_endothelial_cell	SRhi10003.TGACCA.11207,SRhi10002.AGTCAA.11263,SRhi10003.GTGGCC.11340,SRhi10011.GGTAGC.11412,SRhi10004.TGACCA.11264,SRhi10003.AGTCAA.11341,SRhi10004.GTGGCC.11413,SRhi10006.TGACCA.11265,SRhi10006.GTGGCC.11414,SRhi10007.TGACCA.11266,SRhi10006.AGTCAA.11343,SRhi10008.TGACCA.11243,SRhi10007.AGTCAA.11324,SRhi10007.GTGGCC.11400,SRhi10009.TGACCA.11267,SRhi10008.AGTCAA.11344,SRhi10008.GTGGCC.11416
synovial_cell	SRhi10007.GTCCGC.11291,SRhi10004.GGTAGC.11368,SRhi10004.GGCTAC.11440
annulus_pulposus_cell	SRhi10004.TTAGGC.11248,SRhi10004.CTTGTA.11463
lymphocyte	SRhi10066.TAGCTT.11544,SRhi10066.GGCTAC.11624,SRhi10066.CTTGTA.11705,SRhi10009.TTAGGC.11225,SRhi10009.CTTGTA.11306,SRhi10010.GTGAAA.11382,SRhi10010.TTAGGC.11226,SRhi10010.CTTGTA.11307,SRhi10011.GTGAAA.11383,SRhi10010.ATGTCA.11230,SRhi10013.GTTTCG.11311,SRhi10011.CAGATC.11387,SRhi10084.CCGTCC.4534,SRhi10042.AGTCAA.3997
endothelial_cell_of_lymphatic_vessel	SRhi10005.TGACCA.11236,SRhi10004.AGTCAA.11317,SRhi10005.GTGGCC.11393
muscle_cell	SRhi10004.GTAGAG.11282,SRhi10003.GAGTGG.11359,SRhi10009.GTAGAG.11210,SRhi10008.GTAGAG.11283,SRhi10007.GAGTGG.11360,SRhi10010.GTAGAG.11284,SRhi10008.GAGTGG.11361,SRhi10002.TAGCTT.11433,SRhi10011.GTAGAG.11234,SRhi10009.GAGTGG.11315,SRhi10003.TAGCTT.11391,SRhi10004.TAGCTT.11512,SRhi10012.GTAGAG.11285,SRhi10010.GAGTGG.11362,SRhi10013.GTAGAG.11239,SRhi10011.GAGTGG.11320,SRhi10006.TAGCTT.11396,SRhi10014.GTAGAG.11286,SRhi10012.GAGTGG.11363,SRhi10007.TAGCTT.11435,SRhi10008.TAGCTT.11508,SRhi10015.GTAGAG.11287,SRhi10013.GAGTGG.11364,SRhi10009.TAGCTT.11436,SRhi10002.GTCCGC.11257,SRhi10014.GAGTGG.11335,SRhi10010.TAGCTT.11465,SRhi10003.GTCCGC.11288,SRhi10015.GAGTGG.11365,SRhi10011.TAGCTT.11437,SRhi10004.GTCCGC.11289,SRhi10002.GGTAGC.11366,SRhi10012.TAGCTT.11438,SRhi10013.TAGCTT.11513,SRhi10015.TAGCTT.11212,SRhi10005.GTCCGC.11290,SRhi10003.GGTAGC.11367,SRhi10014.TAGCTT.11439,SRhi10006.GTCCGC.11258,SRhi10002.GGCTAC.11466
mesothelial_cell	SRhi10008.CAGATC.11247,SRhi10007.ATGTCA.11402,SRhi10003.GTAGAG.11255,SRhi10010.GATCAG.11333
mammary_gland_epithelial_cell	SRhi10007.GCCAAT.11273,SRhi10013.AGTTCC.11350,SRhi10007.GTTTCG.11422
macrophage	SRhi10006.GCCAAT.11232,SRhi10012.AGTTCC.11313,SRhi10006.GTTTCG.11389
smooth_muscle_cell_of_the_carotid_artery	SRhi10012.GTAGAG.11285,SRhi10010.GAGTGG.11362
keratinocyte	SRhi10003.GCCAAT.11272,SRhi10010.AGTTCC.11349,SRhi10005.GTTTCG.11421
thoracic_aorta_endothelial_cell	SRhi10007.TGACCA.11266,SRhi10006.AGTCAA.11343
embryonic_stem_cell	SRhi10037.AGTTCC.3902,SRhi10037.CGTACG.3903,SRhi10037.GGTAGC.3904
fibroblast_of_periodontium	SRhi10007.ACAGTG.11238,SRhi10004.AGTTCC.11319,SRhi10003.GTTTCG.11395
smooth_muscle_cell_of_prostate	SRhi10002.GTCCGC.11257,SRhi10014.GAGTGG.11335,SRhi10010.TAGCTT.11465
mesenchymal_stem_cell_of_adipose	SRhi10012.GCCAAT.11217,SRhi10015.GCCAAT.11537,SRhi10003.ATGTCA.11617
epithelial_cell_of_esophagus	SRhi10011.TGACCA.11507,SRhi10010.AGTCAA.11587
endothelial_cell_of_umbilical_vein	SRhi10008.TGACCA.11243,SRhi10007.AGTCAA.11324,SRhi10007.GTGGCC.11400
keratinizing_barrier_epithelial_cell	SRhi10003.GCCAAT.11272,SRhi10010.AGTTCC.11349,SRhi10005.GTTTCG.11421,SRhi10004.GCCAAT.11251
